_id,SlNo,Station,Agency,State LGD Code,State,District LGD Code,District,Tehsil,Block,Village,River,Basin,Tributary,Subtributary,SubSubtributary,Local River,Latitude,Longitude,Is_DischargeDataAvailable,RL_of_zeroGauge,MeanSeaLevel,Data Acquisition Time,River Water Level Telemetry Hourly (meter)
556,556,NH15 Crossing Fakirpara Tangni,Assam,18,Assam,283,DARRANG,-,-,-,-,-,-,-,-,-,26.50833333,92.11638889,No,0,0,2026-01-06 00:00:00,60.937
557,557,NH15 Crossing Fakirpara Tangni,Assam,18,Assam,283,DARRANG,-,-,-,-,-,-,-,-,-,26.50833333,92.11638889,No,0,0,2026-01-06 01:00:00,60.937
558,558,NH15 Crossing Fakirpara Tangni,Assam,18,Assam,283,DARRANG,-,-,-,-,-,-,-,-,-,26.50833333,92.11638889,No,0,0,2026-01-06 02:00:00,60.938
559,559,NH15 Crossing Fakirpara Tangni,Assam,18,Assam,283,DARRANG,-,-,-,-,-,-,-,-,-,26.50833333,92.11638889,No,0,0,2026-01-06 03:00:00,60.938
560,560,NH15 Crossing Fakirpara Tangni,Assam,18,Assam,283,DARRANG,-,-,-,-,-,-,-,-,-,26.50833333,92.11638889,No,0,0,2026-01-06 04:00:00,60.927
561,561,NH15 Crossing Fakirpara Tangni,Assam,18,Assam,283,DARRANG,-,-,-,-,-,-,-,-,-,26.50833333,92.11638889,No,0,0,2026-01-06 05:00:00,60.929
562,562,NH15 Crossing Fakirpara Tangni,Assam,18,Assam,283,DARRANG,-,-,-,-,-,-,-,-,-,26.50833333,92.11638889,No,0,0,2026-01-06 06:00:00,60.935
563,563,NH15 Crossing Fakirpara Tangni,Assam,18,Assam,283,DARRANG,-,-,-,-,-,-,-,-,-,26.50833333,92.11638889,No,0,0,2026-01-06 07:00:00,60.935
564,564,NH15 Crossing Fakirpara Tangni,Assam,18,Assam,283,DARRANG,-,-,-,-,-,-,-,-,-,26.50833333,92.11638889,No,0,0,2026-01-06 08:00:00,60.946
565,565,NH15 Crossing Fakirpara Tangni,Assam,18,Assam,283,DARRANG,-,-,-,-,-,-,-,-,-,26.50833333,92.11638889,No,0,0,2026-01-06 09:00:00,60.948
566,566,NH15 Crossing Fakirpara Tangni,Assam,18,Assam,283,DARRANG,-,-,-,-,-,-,-,-,-,26.50833333,92.11638889,No,0,0,2026-01-06 10:00:00,60.949
567,567,NH15 Crossing Fakirpara Tangni,Assam,18,Assam,283,DARRANG,-,-,-,-,-,-,-,-,-,26.50833333,92.11638889,No,0,0,2026-01-06 11:00:00,60.942
568,568,NH15 Crossing Fakirpara Tangni,Assam,18,Assam,283,DARRANG,-,-,-,-,-,-,-,-,-,26.50833333,92.11638889,No,0,0,2026-01-06 12:00:00,60.95
569,569,NH15 Crossing Fakirpara Tangni,Assam,18,Assam,283,DARRANG,-,-,-,-,-,-,-,-,-,26.50833333,92.11638889,No,0,0,2026-01-06 13:00:00,60.948
570,570,NH15 Crossing Fakirpara Tangni,Assam,18,Assam,283,DARRANG,-,-,-,-,-,-,-,-,-,26.50833333,92.11638889,No,0,0,2026-01-06 14:00:00,60.951
571,571,NH15 Crossing Fakirpara Tangni,Assam,18,Assam,283,DARRANG,-,-,-,-,-,-,-,-,-,26.50833333,92.11638889,No,0,0,2026-01-06 15:00:00,60.952
572,572,NH15 Crossing Fakirpara Tangni,Assam,18,Assam,283,DARRANG,-,-,-,-,-,-,-,-,-,26.50833333,92.11638889,No,0,0,2026-01-06 16:00:00,60.942
573,573,NH15 Crossing Fakirpara Tangni,Assam,18,Assam,283,DARRANG,-,-,-,-,-,-,-,-,-,26.50833333,92.11638889,No,0,0,2026-01-06 17:00:00,60.944
574,574,NH15 Crossing Fakirpara Tangni,Assam,18,Assam,283,DARRANG,-,-,-,-,-,-,-,-,-,26.50833333,92.11638889,No,0,0,2026-01-06 18:00:00,60.944
575,575,NH15 Crossing Fakirpara Tangni,Assam,18,Assam,283,DARRANG,-,-,-,-,-,-,-,-,-,26.50833333,92.11638889,No,0,0,2026-01-06 19:00:00,60.935
576,576,NH15 Crossing Fakirpara Tangni,Assam,18,Assam,283,DARRANG,-,-,-,-,-,-,-,-,-,26.50833333,92.11638889,No,0,0,2026-01-06 20:00:00,60.939
577,577,NH15 Crossing Fakirpara Tangni,Assam,18,Assam,283,DARRANG,-,-,-,-,-,-,-,-,-,26.50833333,92.11638889,No,0,0,2026-01-06 21:00:00,60.936
578,578,NH15 Crossing Fakirpara Tangni,Assam,18,Assam,283,DARRANG,-,-,-,-,-,-,-,-,-,26.50833333,92.11638889,No,0,0,2026-01-06 22:00:00,60.934
579,579,NH15 Crossing Fakirpara Tangni,Assam,18,Assam,283,DARRANG,-,-,-,-,-,-,-,-,-,26.50833333,92.11638889,No,0,0,2026-01-06 23:00:00,60.93
580,580,NH15 Crossing Fakirpara Tangni,Assam,18,Assam,283,DARRANG,-,-,-,-,-,-,-,-,-,26.50833333,92.11638889,No,0,0,2026-02-06 00:00:00,60.933
581,581,NH15 Crossing Fakirpara Tangni,Assam,18,Assam,283,DARRANG,-,-,-,-,-,-,-,-,-,26.50833333,92.11638889,No,0,0,2026-02-06 01:00:00,60.927
582,582,NH15 Crossing Fakirpara Tangni,Assam,18,Assam,283,DARRANG,-,-,-,-,-,-,-,-,-,26.50833333,92.11638889,No,0,0,2026-02-06 02:00:00,60.921
583,583,NH15 Crossing Fakirpara Tangni,Assam,18,Assam,283,DARRANG,-,-,-,-,-,-,-,-,-,26.50833333,92.11638889,No,0,0,2026-02-06 03:00:00,60.924
584,584,NH15 Crossing Fakirpara Tangni,Assam,18,Assam,283,DARRANG,-,-,-,-,-,-,-,-,-,26.50833333,92.11638889,No,0,0,2026-02-06 04:00:00,60.927
585,585,NH15 Crossing Fakirpara Tangni,Assam,18,Assam,283,DARRANG,-,-,-,-,-,-,-,-,-,26.50833333,92.11638889,No,0,0,2026-02-06 05:00:00,60.925
586,586,NH15 Crossing Fakirpara Tangni,Assam,18,Assam,283,DARRANG,-,-,-,-,-,-,-,-,-,26.50833333,92.11638889,No,0,0,2026-02-06 06:00:00,60.927
587,587,NH15 Crossing Fakirpara Tangni,Assam,18,Assam,283,DARRANG,-,-,-,-,-,-,-,-,-,26.50833333,92.11638889,No,0,0,2026-02-06 07:00:00,60.93
588,588,NH15 Crossing Fakirpara Tangni,Assam,18,Assam,283,DARRANG,-,-,-,-,-,-,-,-,-,26.50833333,92.11638889,No,0,0,2026-02-06 08:00:00,60.94
589,589,NH15 Crossing Fakirpara Tangni,Assam,18,Assam,283,DARRANG,-,-,-,-,-,-,-,-,-,26.50833333,92.11638889,No,0,0,2026-02-06 09:00:00,60.943
590,590,NH15 Crossing Fakirpara Tangni,Assam,18,Assam,283,DARRANG,-,-,-,-,-,-,-,-,-,26.50833333,92.11638889,No,0,0,2026-02-06 10:00:00,60.942
591,591,NH15 Crossing Fakirpara Tangni,Assam,18,Assam,283,DARRANG,-,-,-,-,-,-,-,-,-,26.50833333,92.11638889,No,0,0,2026-02-06 11:00:00,60.941
592,592,NH15 Crossing Fakirpara Tangni,Assam,18,Assam,283,DARRANG,-,-,-,-,-,-,-,-,-,26.50833333,92.11638889,No,0,0,2026-02-06 12:00:00,60.945
593,593,NH15 Crossing Fakirpara Tangni,Assam,18,Assam,283,DARRANG,-,-,-,-,-,-,-,-,-,26.50833333,92.11638889,No,0,0,2026-02-06 13:00:00,60.942
594,594,NH15 Crossing Fakirpara Tangni,Assam,18,Assam,283,DARRANG,-,-,-,-,-,-,-,-,-,26.50833333,92.11638889,No,0,0,2026-02-06 14:00:00,60.931
595,595,NH15 Crossing Fakirpara Tangni,Assam,18,Assam,283,DARRANG,-,-,-,-,-,-,-,-,-,26.50833333,92.11638889,No,0,0,2026-02-06 15:00:00,60.942
596,596,NH15 Crossing Fakirpara Tangni,Assam,18,Assam,283,DARRANG,-,-,-,-,-,-,-,-,-,26.50833333,92.11638889,No,0,0,2026-02-06 16:00:00,60.936
597,597,NH15 Crossing Fakirpara Tangni,Assam,18,Assam,283,DARRANG,-,-,-,-,-,-,-,-,-,26.50833333,92.11638889,No,0,0,2026-02-06 17:00:00,60.941
598,598,NH15 Crossing Fakirpara Tangni,Assam,18,Assam,283,DARRANG,-,-,-,-,-,-,-,-,-,26.50833333,92.11638889,No,0,0,2026-02-06 19:00:00,60.939
599,599,NH15 Crossing Fakirpara Tangni,Assam,18,Assam,283,DARRANG,-,-,-,-,-,-,-,-,-,26.50833333,92.11638889,No,0,0,2026-02-06 20:00:00,60.937
600,600,NH15 Crossing Fakirpara Tangni,Assam,18,Assam,283,DARRANG,-,-,-,-,-,-,-,-,-,26.50833333,92.11638889,No,0,0,2026-02-06 21:00:00,60.939
601,601,NH15 Crossing Fakirpara Tangni,Assam,18,Assam,283,DARRANG,-,-,-,-,-,-,-,-,-,26.50833333,92.11638889,No,0,0,2026-02-06 22:00:00,60.935
602,602,NH15 Crossing Fakirpara Tangni,Assam,18,Assam,283,DARRANG,-,-,-,-,-,-,-,-,-,26.50833333,92.11638889,No,0,0,2026-02-06 23:00:00,60.934
603,603,NH15 Crossing Fakirpara Tangni,Assam,18,Assam,283,DARRANG,-,-,-,-,-,-,-,-,-,26.50833333,92.11638889,No,0,0,2026-03-06 00:00:00,60.936
604,604,NH15 Crossing Fakirpara Tangni,Assam,18,Assam,283,DARRANG,-,-,-,-,-,-,-,-,-,26.50833333,92.11638889,No,0,0,2026-03-06 01:00:00,60.935
605,605,NH15 Crossing Fakirpara Tangni,Assam,18,Assam,283,DARRANG,-,-,-,-,-,-,-,-,-,26.50833333,92.11638889,No,0,0,2026-03-06 02:00:00,60.935
606,606,NH15 Crossing Fakirpara Tangni,Assam,18,Assam,283,DARRANG,-,-,-,-,-,-,-,-,-,26.50833333,92.11638889,No,0,0,2026-03-06 03:00:00,60.929
607,607,NH15 Crossing Fakirpara Tangni,Assam,18,Assam,283,DARRANG,-,-,-,-,-,-,-,-,-,26.50833333,92.11638889,No,0,0,2026-03-06 04:00:00,60.935
608,608,NH15 Crossing Fakirpara Tangni,Assam,18,Assam,283,DARRANG,-,-,-,-,-,-,-,-,-,26.50833333,92.11638889,No,0,0,2026-03-06 05:00:00,60.936
609,609,NH15 Crossing Fakirpara Tangni,Assam,18,Assam,283,DARRANG,-,-,-,-,-,-,-,-,-,26.50833333,92.11638889,No,0,0,2026-03-06 06:00:00,60.933
610,610,NH15 Crossing Fakirpara Tangni,Assam,18,Assam,283,DARRANG,-,-,-,-,-,-,-,-,-,26.50833333,92.11638889,No,0,0,2026-03-06 07:00:00,60.942
611,611,NH15 Crossing Fakirpara Tangni,Assam,18,Assam,283,DARRANG,-,-,-,-,-,-,-,-,-,26.50833333,92.11638889,No,0,0,2026-03-06 08:00:00,60.948
612,612,NH15 Crossing Fakirpara Tangni,Assam,18,Assam,283,DARRANG,-,-,-,-,-,-,-,-,-,26.50833333,92.11638889,No,0,0,2026-03-06 09:00:00,60.957
613,613,NH15 Crossing Fakirpara Tangni,Assam,18,Assam,283,DARRANG,-,-,-,-,-,-,-,-,-,26.50833333,92.11638889,No,0,0,2026-03-06 10:00:00,60.957
614,614,NH15 Crossing Fakirpara Tangni,Assam,18,Assam,283,DARRANG,-,-,-,-,-,-,-,-,-,26.50833333,92.11638889,No,0,0,2026-03-06 11:00:00,60.962
615,615,NH15 Crossing Fakirpara Tangni,Assam,18,Assam,283,DARRANG,-,-,-,-,-,-,-,-,-,26.50833333,92.11638889,No,0,0,2026-03-06 12:00:00,60.956
616,616,NH15 Crossing Fakirpara Tangni,Assam,18,Assam,283,DARRANG,-,-,-,-,-,-,-,-,-,26.50833333,92.11638889,No,0,0,2026-03-06 13:00:00,60.959
617,617,NH15 Crossing Fakirpara Tangni,Assam,18,Assam,283,DARRANG,-,-,-,-,-,-,-,-,-,26.50833333,92.11638889,No,0,0,2026-03-06 14:00:00,60.955
618,618,NH15 Crossing Fakirpara Tangni,Assam,18,Assam,283,DARRANG,-,-,-,-,-,-,-,-,-,26.50833333,92.11638889,No,0,0,2026-03-06 15:00:00,60.952
619,619,NH15 Crossing Fakirpara Tangni,Assam,18,Assam,283,DARRANG,-,-,-,-,-,-,-,-,-,26.50833333,92.11638889,No,0,0,2026-03-06 16:00:00,60.957
620,620,NH15 Crossing Fakirpara Tangni,Assam,18,Assam,283,DARRANG,-,-,-,-,-,-,-,-,-,26.50833333,92.11638889,No,0,0,2026-03-06 17:00:00,60.965
621,621,NH15 Crossing Fakirpara Tangni,Assam,18,Assam,283,DARRANG,-,-,-,-,-,-,-,-,-,26.50833333,92.11638889,No,0,0,2026-03-06 18:00:00,60.971
622,622,NH15 Crossing Fakirpara Tangni,Assam,18,Assam,283,DARRANG,-,-,-,-,-,-,-,-,-,26.50833333,92.11638889,No,0,0,2026-03-06 19:00:00,60.984
623,623,NH15 Crossing Fakirpara Tangni,Assam,18,Assam,283,DARRANG,-,-,-,-,-,-,-,-,-,26.50833333,92.11638889,No,0,0,2026-03-06 20:00:00,60.987
624,624,NH15 Crossing Fakirpara Tangni,Assam,18,Assam,283,DARRANG,-,-,-,-,-,-,-,-,-,26.50833333,92.11638889,No,0,0,2026-03-06 21:00:00,60.993
625,625,NH15 Crossing Fakirpara Tangni,Assam,18,Assam,283,DARRANG,-,-,-,-,-,-,-,-,-,26.50833333,92.11638889,No,0,0,2026-03-06 22:00:00,60.988
626,626,NH15 Crossing Fakirpara Tangni,Assam,18,Assam,283,DARRANG,-,-,-,-,-,-,-,-,-,26.50833333,92.11638889,No,0,0,2026-03-06 23:00:00,60.987
123,123,NH15 Crossing Fakirpara Tangni,Assam,18,Assam,283,DARRANG,-,-,-,-,-,-,-,-,-,26.50833333,92.11638889,No,0,0,2026-05-13 00:00:00,60.889
124,124,NH15 Crossing Fakirpara Tangni,Assam,18,Assam,283,DARRANG,-,-,-,-,-,-,-,-,-,26.50833333,92.11638889,No,0,0,2026-05-13 01:00:00,60.889
125,125,NH15 Crossing Fakirpara Tangni,Assam,18,Assam,283,DARRANG,-,-,-,-,-,-,-,-,-,26.50833333,92.11638889,No,0,0,2026-05-13 02:00:00,60.888
126,126,NH15 Crossing Fakirpara Tangni,Assam,18,Assam,283,DARRANG,-,-,-,-,-,-,-,-,-,26.50833333,92.11638889,No,0,0,2026-05-13 03:00:00,60.885
127,127,NH15 Crossing Fakirpara Tangni,Assam,18,Assam,283,DARRANG,-,-,-,-,-,-,-,-,-,26.50833333,92.11638889,No,0,0,2026-05-13 05:00:00,60.885
128,128,NH15 Crossing Fakirpara Tangni,Assam,18,Assam,283,DARRANG,-,-,-,-,-,-,-,-,-,26.50833333,92.11638889,No,0,0,2026-05-13 07:00:00,60.888
129,129,NH15 Crossing Fakirpara Tangni,Assam,18,Assam,283,DARRANG,-,-,-,-,-,-,-,-,-,26.50833333,92.11638889,No,0,0,2026-05-13 08:00:00,60.892
130,130,NH15 Crossing Fakirpara Tangni,Assam,18,Assam,283,DARRANG,-,-,-,-,-,-,-,-,-,26.50833333,92.11638889,No,0,0,2026-05-13 10:00:00,60.886
131,131,NH15 Crossing Fakirpara Tangni,Assam,18,Assam,283,DARRANG,-,-,-,-,-,-,-,-,-,26.50833333,92.11638889,No,0,0,2026-05-13 11:00:00,60.89
132,132,NH15 Crossing Fakirpara Tangni,Assam,18,Assam,283,DARRANG,-,-,-,-,-,-,-,-,-,26.50833333,92.11638889,No,0,0,2026-05-13 12:00:00,60.894
133,133,NH15 Crossing Fakirpara Tangni,Assam,18,Assam,283,DARRANG,-,-,-,-,-,-,-,-,-,26.50833333,92.11638889,No,0,0,2026-05-13 14:00:00,60.905
134,134,NH15 Crossing Fakirpara Tangni,Assam,18,Assam,283,DARRANG,-,-,-,-,-,-,-,-,-,26.50833333,92.11638889,No,0,0,2026-05-13 16:00:00,60.906
135,135,NH15 Crossing Fakirpara Tangni,Assam,18,Assam,283,DARRANG,-,-,-,-,-,-,-,-,-,26.50833333,92.11638889,No,0,0,2026-05-13 17:00:00,60.904
136,136,NH15 Crossing Fakirpara Tangni,Assam,18,Assam,283,DARRANG,-,-,-,-,-,-,-,-,-,26.50833333,92.11638889,No,0,0,2026-05-13 19:00:00,60.899
137,137,NH15 Crossing Fakirpara Tangni,Assam,18,Assam,283,DARRANG,-,-,-,-,-,-,-,-,-,26.50833333,92.11638889,No,0,0,2026-05-13 20:00:00,60.897
138,138,NH15 Crossing Fakirpara Tangni,Assam,18,Assam,283,DARRANG,-,-,-,-,-,-,-,-,-,26.50833333,92.11638889,No,0,0,2026-05-13 21:00:00,60.898
139,139,NH15 Crossing Fakirpara Tangni,Assam,18,Assam,283,DARRANG,-,-,-,-,-,-,-,-,-,26.50833333,92.11638889,No,0,0,2026-05-13 23:00:00,60.9
140,140,NH15 Crossing Fakirpara Tangni,Assam,18,Assam,283,DARRANG,-,-,-,-,-,-,-,-,-,26.50833333,92.11638889,No,0,0,2026-05-14 00:00:00,60.901
141,141,NH15 Crossing Fakirpara Tangni,Assam,18,Assam,283,DARRANG,-,-,-,-,-,-,-,-,-,26.50833333,92.11638889,No,0,0,2026-05-14 01:00:00,60.903
142,142,NH15 Crossing Fakirpara Tangni,Assam,18,Assam,283,DARRANG,-,-,-,-,-,-,-,-,-,26.50833333,92.11638889,No,0,0,2026-05-14 03:00:00,60.901
143,143,NH15 Crossing Fakirpara Tangni,Assam,18,Assam,283,DARRANG,-,-,-,-,-,-,-,-,-,26.50833333,92.11638889,No,0,0,2026-05-14 05:00:00,60.903
144,144,NH15 Crossing Fakirpara Tangni,Assam,18,Assam,283,DARRANG,-,-,-,-,-,-,-,-,-,26.50833333,92.11638889,No,0,0,2026-05-14 06:00:00,60.903
145,145,NH15 Crossing Fakirpara Tangni,Assam,18,Assam,283,DARRANG,-,-,-,-,-,-,-,-,-,26.50833333,92.11638889,No,0,0,2026-05-14 07:00:00,60.904
146,146,NH15 Crossing Fakirpara Tangni,Assam,18,Assam,283,DARRANG,-,-,-,-,-,-,-,-,-,26.50833333,92.11638889,No,0,0,2026-05-14 08:00:00,60.909
147,147,NH15 Crossing Fakirpara Tangni,Assam,18,Assam,283,DARRANG,-,-,-,-,-,-,-,-,-,26.50833333,92.11638889,No,0,0,2026-05-14 09:00:00,60.913
148,148,NH15 Crossing Fakirpara Tangni,Assam,18,Assam,283,DARRANG,-,-,-,-,-,-,-,-,-,26.50833333,92.11638889,No,0,0,2026-05-14 10:00:00,60.921
149,149,NH15 Crossing Fakirpara Tangni,Assam,18,Assam,283,DARRANG,-,-,-,-,-,-,-,-,-,26.50833333,92.11638889,No,0,0,2026-05-14 11:00:00,60.925
150,150,NH15 Crossing Fakirpara Tangni,Assam,18,Assam,283,DARRANG,-,-,-,-,-,-,-,-,-,26.50833333,92.11638889,No,0,0,2026-05-14 12:00:00,60.925
151,151,NH15 Crossing Fakirpara Tangni,Assam,18,Assam,283,DARRANG,-,-,-,-,-,-,-,-,-,26.50833333,92.11638889,No,0,0,2026-05-14 14:00:00,60.924
152,152,NH15 Crossing Fakirpara Tangni,Assam,18,Assam,283,DARRANG,-,-,-,-,-,-,-,-,-,26.50833333,92.11638889,No,0,0,2026-05-14 15:00:00,60.92
153,153,NH15 Crossing Fakirpara Tangni,Assam,18,Assam,283,DARRANG,-,-,-,-,-,-,-,-,-,26.50833333,92.11638889,No,0,0,2026-05-14 16:00:00,60.918
154,154,NH15 Crossing Fakirpara Tangni,Assam,18,Assam,283,DARRANG,-,-,-,-,-,-,-,-,-,26.50833333,92.11638889,No,0,0,2026-05-14 17:00:00,60.911
155,155,NH15 Crossing Fakirpara Tangni,Assam,18,Assam,283,DARRANG,-,-,-,-,-,-,-,-,-,26.50833333,92.11638889,No,0,0,2026-05-14 18:00:00,60.905
156,156,NH15 Crossing Fakirpara Tangni,Assam,18,Assam,283,DARRANG,-,-,-,-,-,-,-,-,-,26.50833333,92.11638889,No,0,0,2026-05-14 19:00:00,60.9
157,157,NH15 Crossing Fakirpara Tangni,Assam,18,Assam,283,DARRANG,-,-,-,-,-,-,-,-,-,26.50833333,92.11638889,No,0,0,2026-05-14 21:00:00,60.9
158,158,NH15 Crossing Fakirpara Tangni,Assam,18,Assam,283,DARRANG,-,-,-,-,-,-,-,-,-,26.50833333,92.11638889,No,0,0,2026-05-14 22:00:00,60.899
159,159,NH15 Crossing Fakirpara Tangni,Assam,18,Assam,283,DARRANG,-,-,-,-,-,-,-,-,-,26.50833333,92.11638889,No,0,0,2026-05-15 00:00:00,60.898
160,160,NH15 Crossing Fakirpara Tangni,Assam,18,Assam,283,DARRANG,-,-,-,-,-,-,-,-,-,26.50833333,92.11638889,No,0,0,2026-05-15 01:00:00,60.897
161,161,NH15 Crossing Fakirpara Tangni,Assam,18,Assam,283,DARRANG,-,-,-,-,-,-,-,-,-,26.50833333,92.11638889,No,0,0,2026-05-15 02:00:00,60.898
162,162,NH15 Crossing Fakirpara Tangni,Assam,18,Assam,283,DARRANG,-,-,-,-,-,-,-,-,-,26.50833333,92.11638889,No,0,0,2026-05-15 03:00:00,60.906
163,163,NH15 Crossing Fakirpara Tangni,Assam,18,Assam,283,DARRANG,-,-,-,-,-,-,-,-,-,26.50833333,92.11638889,No,0,0,2026-05-15 04:00:00,60.908
164,164,NH15 Crossing Fakirpara Tangni,Assam,18,Assam,283,DARRANG,-,-,-,-,-,-,-,-,-,26.50833333,92.11638889,No,0,0,2026-05-15 05:00:00,60.922
165,165,NH15 Crossing Fakirpara Tangni,Assam,18,Assam,283,DARRANG,-,-,-,-,-,-,-,-,-,26.50833333,92.11638889,No,0,0,2026-05-15 06:00:00,60.934
166,166,NH15 Crossing Fakirpara Tangni,Assam,18,Assam,283,DARRANG,-,-,-,-,-,-,-,-,-,26.50833333,92.11638889,No,0,0,2026-05-15 07:00:00,60.942
167,167,NH15 Crossing Fakirpara Tangni,Assam,18,Assam,283,DARRANG,-,-,-,-,-,-,-,-,-,26.50833333,92.11638889,No,0,0,2026-05-15 08:00:00,60.953
168,168,NH15 Crossing Fakirpara Tangni,Assam,18,Assam,283,DARRANG,-,-,-,-,-,-,-,-,-,26.50833333,92.11638889,No,0,0,2026-05-15 10:00:00,60.973
169,169,NH15 Crossing Fakirpara Tangni,Assam,18,Assam,283,DARRANG,-,-,-,-,-,-,-,-,-,26.50833333,92.11638889,No,0,0,2026-05-15 11:00:00,60.999
170,170,NH15 Crossing Fakirpara Tangni,Assam,18,Assam,283,DARRANG,-,-,-,-,-,-,-,-,-,26.50833333,92.11638889,No,0,0,2026-05-15 13:00:00,61.03
171,171,NH15 Crossing Fakirpara Tangni,Assam,18,Assam,283,DARRANG,-,-,-,-,-,-,-,-,-,26.50833333,92.11638889,No,0,0,2026-05-15 14:00:00,61.047
172,172,NH15 Crossing Fakirpara Tangni,Assam,18,Assam,283,DARRANG,-,-,-,-,-,-,-,-,-,26.50833333,92.11638889,No,0,0,2026-05-15 15:00:00,61.06
173,173,NH15 Crossing Fakirpara Tangni,Assam,18,Assam,283,DARRANG,-,-,-,-,-,-,-,-,-,26.50833333,92.11638889,No,0,0,2026-05-15 16:00:00,61.07
174,174,NH15 Crossing Fakirpara Tangni,Assam,18,Assam,283,DARRANG,-,-,-,-,-,-,-,-,-,26.50833333,92.11638889,No,0,0,2026-05-15 17:00:00,61.079
175,175,NH15 Crossing Fakirpara Tangni,Assam,18,Assam,283,DARRANG,-,-,-,-,-,-,-,-,-,26.50833333,92.11638889,No,0,0,2026-05-15 18:00:00,61.081
176,176,NH15 Crossing Fakirpara Tangni,Assam,18,Assam,283,DARRANG,-,-,-,-,-,-,-,-,-,26.50833333,92.11638889,No,0,0,2026-05-15 19:00:00,61.077
177,177,NH15 Crossing Fakirpara Tangni,Assam,18,Assam,283,DARRANG,-,-,-,-,-,-,-,-,-,26.50833333,92.11638889,No,0,0,2026-05-15 20:00:00,61.075
178,178,NH15 Crossing Fakirpara Tangni,Assam,18,Assam,283,DARRANG,-,-,-,-,-,-,-,-,-,26.50833333,92.11638889,No,0,0,2026-05-15 21:00:00,61.065
179,179,NH15 Crossing Fakirpara Tangni,Assam,18,Assam,283,DARRANG,-,-,-,-,-,-,-,-,-,26.50833333,92.11638889,No,0,0,2026-05-15 22:00:00,61.062
180,180,NH15 Crossing Fakirpara Tangni,Assam,18,Assam,283,DARRANG,-,-,-,-,-,-,-,-,-,26.50833333,92.11638889,No,0,0,2026-05-15 23:00:00,61.06
181,181,NH15 Crossing Fakirpara Tangni,Assam,18,Assam,283,DARRANG,-,-,-,-,-,-,-,-,-,26.50833333,92.11638889,No,0,0,2026-05-16 00:00:00,61.06
182,182,NH15 Crossing Fakirpara Tangni,Assam,18,Assam,283,DARRANG,-,-,-,-,-,-,-,-,-,26.50833333,92.11638889,No,0,0,2026-05-16 01:00:00,61.058
183,183,NH15 Crossing Fakirpara Tangni,Assam,18,Assam,283,DARRANG,-,-,-,-,-,-,-,-,-,26.50833333,92.11638889,No,0,0,2026-05-16 02:00:00,61.051
184,184,NH15 Crossing Fakirpara Tangni,Assam,18,Assam,283,DARRANG,-,-,-,-,-,-,-,-,-,26.50833333,92.11638889,No,0,0,2026-05-16 03:00:00,61.05
185,185,NH15 Crossing Fakirpara Tangni,Assam,18,Assam,283,DARRANG,-,-,-,-,-,-,-,-,-,26.50833333,92.11638889,No,0,0,2026-05-16 04:00:00,61.054
186,186,NH15 Crossing Fakirpara Tangni,Assam,18,Assam,283,DARRANG,-,-,-,-,-,-,-,-,-,26.50833333,92.11638889,No,0,0,2026-05-16 05:00:00,61.048
187,187,NH15 Crossing Fakirpara Tangni,Assam,18,Assam,283,DARRANG,-,-,-,-,-,-,-,-,-,26.50833333,92.11638889,No,0,0,2026-05-16 06:00:00,61.06
188,188,NH15 Crossing Fakirpara Tangni,Assam,18,Assam,283,DARRANG,-,-,-,-,-,-,-,-,-,26.50833333,92.11638889,No,0,0,2026-05-16 07:00:00,61.061
189,189,NH15 Crossing Fakirpara Tangni,Assam,18,Assam,283,DARRANG,-,-,-,-,-,-,-,-,-,26.50833333,92.11638889,No,0,0,2026-05-16 08:00:00,61.069
190,190,NH15 Crossing Fakirpara Tangni,Assam,18,Assam,283,DARRANG,-,-,-,-,-,-,-,-,-,26.50833333,92.11638889,No,0,0,2026-05-16 10:00:00,61.079
191,191,NH15 Crossing Fakirpara Tangni,Assam,18,Assam,283,DARRANG,-,-,-,-,-,-,-,-,-,26.50833333,92.11638889,No,0,0,2026-05-16 11:00:00,61.085
192,192,NH15 Crossing Fakirpara Tangni,Assam,18,Assam,283,DARRANG,-,-,-,-,-,-,-,-,-,26.50833333,92.11638889,No,0,0,2026-05-16 13:00:00,61.093
193,193,NH15 Crossing Fakirpara Tangni,Assam,18,Assam,283,DARRANG,-,-,-,-,-,-,-,-,-,26.50833333,92.11638889,No,0,0,2026-05-16 14:00:00,61.09
194,194,NH15 Crossing Fakirpara Tangni,Assam,18,Assam,283,DARRANG,-,-,-,-,-,-,-,-,-,26.50833333,92.11638889,No,0,0,2026-05-16 16:00:00,61.092
195,195,NH15 Crossing Fakirpara Tangni,Assam,18,Assam,283,DARRANG,-,-,-,-,-,-,-,-,-,26.50833333,92.11638889,No,0,0,2026-05-16 17:00:00,61.085
196,196,NH15 Crossing Fakirpara Tangni,Assam,18,Assam,283,DARRANG,-,-,-,-,-,-,-,-,-,26.50833333,92.11638889,No,0,0,2026-05-16 18:00:00,61.078
197,197,NH15 Crossing Fakirpara Tangni,Assam,18,Assam,283,DARRANG,-,-,-,-,-,-,-,-,-,26.50833333,92.11638889,No,0,0,2026-05-16 19:00:00,61.073
198,198,NH15 Crossing Fakirpara Tangni,Assam,18,Assam,283,DARRANG,-,-,-,-,-,-,-,-,-,26.50833333,92.11638889,No,0,0,2026-05-16 20:00:00,61.069
199,199,NH15 Crossing Fakirpara Tangni,Assam,18,Assam,283,DARRANG,-,-,-,-,-,-,-,-,-,26.50833333,92.11638889,No,0,0,2026-05-16 21:00:00,61.067
200,200,NH15 Crossing Fakirpara Tangni,Assam,18,Assam,283,DARRANG,-,-,-,-,-,-,-,-,-,26.50833333,92.11638889,No,0,0,2026-05-16 22:00:00,61.064
201,201,NH15 Crossing Fakirpara Tangni,Assam,18,Assam,283,DARRANG,-,-,-,-,-,-,-,-,-,26.50833333,92.11638889,No,0,0,2026-05-16 23:00:00,61.06
202,202,NH15 Crossing Fakirpara Tangni,Assam,18,Assam,283,DARRANG,-,-,-,-,-,-,-,-,-,26.50833333,92.11638889,No,0,0,2026-05-17 00:00:00,61.053
203,203,NH15 Crossing Fakirpara Tangni,Assam,18,Assam,283,DARRANG,-,-,-,-,-,-,-,-,-,26.50833333,92.11638889,No,0,0,2026-05-17 01:00:00,61.047
204,204,NH15 Crossing Fakirpara Tangni,Assam,18,Assam,283,DARRANG,-,-,-,-,-,-,-,-,-,26.50833333,92.11638889,No,0,0,2026-05-17 02:00:00,61.041
205,205,NH15 Crossing Fakirpara Tangni,Assam,18,Assam,283,DARRANG,-,-,-,-,-,-,-,-,-,26.50833333,92.11638889,No,0,0,2026-05-17 03:00:00,61.042
206,206,NH15 Crossing Fakirpara Tangni,Assam,18,Assam,283,DARRANG,-,-,-,-,-,-,-,-,-,26.50833333,92.11638889,No,0,0,2026-05-17 04:00:00,61.039
207,207,NH15 Crossing Fakirpara Tangni,Assam,18,Assam,283,DARRANG,-,-,-,-,-,-,-,-,-,26.50833333,92.11638889,No,0,0,2026-05-17 05:00:00,61.037
208,208,NH15 Crossing Fakirpara Tangni,Assam,18,Assam,283,DARRANG,-,-,-,-,-,-,-,-,-,26.50833333,92.11638889,No,0,0,2026-05-17 06:00:00,61.037
209,209,NH15 Crossing Fakirpara Tangni,Assam,18,Assam,283,DARRANG,-,-,-,-,-,-,-,-,-,26.50833333,92.11638889,No,0,0,2026-05-17 07:00:00,61.033
210,210,NH15 Crossing Fakirpara Tangni,Assam,18,Assam,283,DARRANG,-,-,-,-,-,-,-,-,-,26.50833333,92.11638889,No,0,0,2026-05-17 08:00:00,61.033
211,211,NH15 Crossing Fakirpara Tangni,Assam,18,Assam,283,DARRANG,-,-,-,-,-,-,-,-,-,26.50833333,92.11638889,No,0,0,2026-05-17 09:00:00,61.032
212,212,NH15 Crossing Fakirpara Tangni,Assam,18,Assam,283,DARRANG,-,-,-,-,-,-,-,-,-,26.50833333,92.11638889,No,0,0,2026-05-17 10:00:00,61.03
213,213,NH15 Crossing Fakirpara Tangni,Assam,18,Assam,283,DARRANG,-,-,-,-,-,-,-,-,-,26.50833333,92.11638889,No,0,0,2026-05-17 12:00:00,61.031
214,214,NH15 Crossing Fakirpara Tangni,Assam,18,Assam,283,DARRANG,-,-,-,-,-,-,-,-,-,26.50833333,92.11638889,No,0,0,2026-05-17 14:00:00,61.027
215,215,NH15 Crossing Fakirpara Tangni,Assam,18,Assam,283,DARRANG,-,-,-,-,-,-,-,-,-,26.50833333,92.11638889,No,0,0,2026-05-17 15:00:00,61.02
216,216,NH15 Crossing Fakirpara Tangni,Assam,18,Assam,283,DARRANG,-,-,-,-,-,-,-,-,-,26.50833333,92.11638889,No,0,0,2026-05-17 16:00:00,61.015
217,217,NH15 Crossing Fakirpara Tangni,Assam,18,Assam,283,DARRANG,-,-,-,-,-,-,-,-,-,26.50833333,92.11638889,No,0,0,2026-05-17 17:00:00,61.008
218,218,NH15 Crossing Fakirpara Tangni,Assam,18,Assam,283,DARRANG,-,-,-,-,-,-,-,-,-,26.50833333,92.11638889,No,0,0,2026-05-17 18:00:00,61.007
219,219,NH15 Crossing Fakirpara Tangni,Assam,18,Assam,283,DARRANG,-,-,-,-,-,-,-,-,-,26.50833333,92.11638889,No,0,0,2026-05-17 20:00:00,61.002
220,220,NH15 Crossing Fakirpara Tangni,Assam,18,Assam,283,DARRANG,-,-,-,-,-,-,-,-,-,26.50833333,92.11638889,No,0,0,2026-05-17 21:00:00,60.982
221,221,NH15 Crossing Fakirpara Tangni,Assam,18,Assam,283,DARRANG,-,-,-,-,-,-,-,-,-,26.50833333,92.11638889,No,0,0,2026-05-17 22:00:00,60.978
222,222,NH15 Crossing Fakirpara Tangni,Assam,18,Assam,283,DARRANG,-,-,-,-,-,-,-,-,-,26.50833333,92.11638889,No,0,0,2026-05-17 23:00:00,60.987
223,223,NH15 Crossing Fakirpara Tangni,Assam,18,Assam,283,DARRANG,-,-,-,-,-,-,-,-,-,26.50833333,92.11638889,No,0,0,2026-05-18 00:00:00,60.988
224,224,NH15 Crossing Fakirpara Tangni,Assam,18,Assam,283,DARRANG,-,-,-,-,-,-,-,-,-,26.50833333,92.11638889,No,0,0,2026-05-18 01:00:00,60.985
225,225,NH15 Crossing Fakirpara Tangni,Assam,18,Assam,283,DARRANG,-,-,-,-,-,-,-,-,-,26.50833333,92.11638889,No,0,0,2026-05-18 02:00:00,60.979
226,226,NH15 Crossing Fakirpara Tangni,Assam,18,Assam,283,DARRANG,-,-,-,-,-,-,-,-,-,26.50833333,92.11638889,No,0,0,2026-05-18 04:00:00,60.99
227,227,NH15 Crossing Fakirpara Tangni,Assam,18,Assam,283,DARRANG,-,-,-,-,-,-,-,-,-,26.50833333,92.11638889,No,0,0,2026-05-18 06:00:00,60.996
228,228,NH15 Crossing Fakirpara Tangni,Assam,18,Assam,283,DARRANG,-,-,-,-,-,-,-,-,-,26.50833333,92.11638889,No,0,0,2026-05-18 07:00:00,60.986
229,229,NH15 Crossing Fakirpara Tangni,Assam,18,Assam,283,DARRANG,-,-,-,-,-,-,-,-,-,26.50833333,92.11638889,No,0,0,2026-05-18 08:00:00,61.001
230,230,NH15 Crossing Fakirpara Tangni,Assam,18,Assam,283,DARRANG,-,-,-,-,-,-,-,-,-,26.50833333,92.11638889,No,0,0,2026-05-18 09:00:00,61.002
231,231,NH15 Crossing Fakirpara Tangni,Assam,18,Assam,283,DARRANG,-,-,-,-,-,-,-,-,-,26.50833333,92.11638889,No,0,0,2026-05-18 10:00:00,61.003
232,232,NH15 Crossing Fakirpara Tangni,Assam,18,Assam,283,DARRANG,-,-,-,-,-,-,-,-,-,26.50833333,92.11638889,No,0,0,2026-05-18 11:00:00,61.004
233,233,NH15 Crossing Fakirpara Tangni,Assam,18,Assam,283,DARRANG,-,-,-,-,-,-,-,-,-,26.50833333,92.11638889,No,0,0,2026-05-18 12:00:00,61.014
234,234,NH15 Crossing Fakirpara Tangni,Assam,18,Assam,283,DARRANG,-,-,-,-,-,-,-,-,-,26.50833333,92.11638889,No,0,0,2026-05-18 13:00:00,61.019
235,235,NH15 Crossing Fakirpara Tangni,Assam,18,Assam,283,DARRANG,-,-,-,-,-,-,-,-,-,26.50833333,92.11638889,No,0,0,2026-05-18 14:00:00,61.016
236,236,NH15 Crossing Fakirpara Tangni,Assam,18,Assam,283,DARRANG,-,-,-,-,-,-,-,-,-,26.50833333,92.11638889,No,0,0,2026-05-18 15:00:00,61.027
237,237,NH15 Crossing Fakirpara Tangni,Assam,18,Assam,283,DARRANG,-,-,-,-,-,-,-,-,-,26.50833333,92.11638889,No,0,0,2026-05-18 16:00:00,61.028
238,238,NH15 Crossing Fakirpara Tangni,Assam,18,Assam,283,DARRANG,-,-,-,-,-,-,-,-,-,26.50833333,92.11638889,No,0,0,2026-05-18 17:00:00,61.037
239,239,NH15 Crossing Fakirpara Tangni,Assam,18,Assam,283,DARRANG,-,-,-,-,-,-,-,-,-,26.50833333,92.11638889,No,0,0,2026-05-18 18:00:00,61.041
240,240,NH15 Crossing Fakirpara Tangni,Assam,18,Assam,283,DARRANG,-,-,-,-,-,-,-,-,-,26.50833333,92.11638889,No,0,0,2026-05-18 19:00:00,61.044
241,241,NH15 Crossing Fakirpara Tangni,Assam,18,Assam,283,DARRANG,-,-,-,-,-,-,-,-,-,26.50833333,92.11638889,No,0,0,2026-05-18 20:00:00,61.049
242,242,NH15 Crossing Fakirpara Tangni,Assam,18,Assam,283,DARRANG,-,-,-,-,-,-,-,-,-,26.50833333,92.11638889,No,0,0,2026-05-18 21:00:00,61.045
243,243,NH15 Crossing Fakirpara Tangni,Assam,18,Assam,283,DARRANG,-,-,-,-,-,-,-,-,-,26.50833333,92.11638889,No,0,0,2026-05-18 22:00:00,61.058
244,244,NH15 Crossing Fakirpara Tangni,Assam,18,Assam,283,DARRANG,-,-,-,-,-,-,-,-,-,26.50833333,92.11638889,No,0,0,2026-05-18 23:00:00,61.061
245,245,NH15 Crossing Fakirpara Tangni,Assam,18,Assam,283,DARRANG,-,-,-,-,-,-,-,-,-,26.50833333,92.11638889,No,0,0,2026-05-19 00:00:00,61.064
246,246,NH15 Crossing Fakirpara Tangni,Assam,18,Assam,283,DARRANG,-,-,-,-,-,-,-,-,-,26.50833333,92.11638889,No,0,0,2026-05-19 01:00:00,61.067
247,247,NH15 Crossing Fakirpara Tangni,Assam,18,Assam,283,DARRANG,-,-,-,-,-,-,-,-,-,26.50833333,92.11638889,No,0,0,2026-05-19 02:00:00,61.065
248,248,NH15 Crossing Fakirpara Tangni,Assam,18,Assam,283,DARRANG,-,-,-,-,-,-,-,-,-,26.50833333,92.11638889,No,0,0,2026-05-19 03:00:00,61.059
249,249,NH15 Crossing Fakirpara Tangni,Assam,18,Assam,283,DARRANG,-,-,-,-,-,-,-,-,-,26.50833333,92.11638889,No,0,0,2026-05-19 04:00:00,61.055
250,250,NH15 Crossing Fakirpara Tangni,Assam,18,Assam,283,DARRANG,-,-,-,-,-,-,-,-,-,26.50833333,92.11638889,No,0,0,2026-05-19 05:00:00,61.047
251,251,NH15 Crossing Fakirpara Tangni,Assam,18,Assam,283,DARRANG,-,-,-,-,-,-,-,-,-,26.50833333,92.11638889,No,0,0,2026-05-19 06:00:00,61.044
252,252,NH15 Crossing Fakirpara Tangni,Assam,18,Assam,283,DARRANG,-,-,-,-,-,-,-,-,-,26.50833333,92.11638889,No,0,0,2026-05-19 07:00:00,61.045
253,253,NH15 Crossing Fakirpara Tangni,Assam,18,Assam,283,DARRANG,-,-,-,-,-,-,-,-,-,26.50833333,92.11638889,No,0,0,2026-05-19 08:00:00,61.045
254,254,NH15 Crossing Fakirpara Tangni,Assam,18,Assam,283,DARRANG,-,-,-,-,-,-,-,-,-,26.50833333,92.11638889,No,0,0,2026-05-19 09:00:00,61.048
255,255,NH15 Crossing Fakirpara Tangni,Assam,18,Assam,283,DARRANG,-,-,-,-,-,-,-,-,-,26.50833333,92.11638889,No,0,0,2026-05-19 10:00:00,61.05
256,256,NH15 Crossing Fakirpara Tangni,Assam,18,Assam,283,DARRANG,-,-,-,-,-,-,-,-,-,26.50833333,92.11638889,No,0,0,2026-05-19 11:00:00,61.053
257,257,NH15 Crossing Fakirpara Tangni,Assam,18,Assam,283,DARRANG,-,-,-,-,-,-,-,-,-,26.50833333,92.11638889,No,0,0,2026-05-19 12:00:00,61.051
258,258,NH15 Crossing Fakirpara Tangni,Assam,18,Assam,283,DARRANG,-,-,-,-,-,-,-,-,-,26.50833333,92.11638889,No,0,0,2026-05-19 13:00:00,61.048
259,259,NH15 Crossing Fakirpara Tangni,Assam,18,Assam,283,DARRANG,-,-,-,-,-,-,-,-,-,26.50833333,92.11638889,No,0,0,2026-05-19 14:00:00,61.048
260,260,NH15 Crossing Fakirpara Tangni,Assam,18,Assam,283,DARRANG,-,-,-,-,-,-,-,-,-,26.50833333,92.11638889,No,0,0,2026-05-19 15:00:00,61.045
261,261,NH15 Crossing Fakirpara Tangni,Assam,18,Assam,283,DARRANG,-,-,-,-,-,-,-,-,-,26.50833333,92.11638889,No,0,0,2026-05-19 16:00:00,61.039
262,262,NH15 Crossing Fakirpara Tangni,Assam,18,Assam,283,DARRANG,-,-,-,-,-,-,-,-,-,26.50833333,92.11638889,No,0,0,2026-05-19 17:00:00,61.037
263,263,NH15 Crossing Fakirpara Tangni,Assam,18,Assam,283,DARRANG,-,-,-,-,-,-,-,-,-,26.50833333,92.11638889,No,0,0,2026-05-19 18:00:00,61.029
264,264,NH15 Crossing Fakirpara Tangni,Assam,18,Assam,283,DARRANG,-,-,-,-,-,-,-,-,-,26.50833333,92.11638889,No,0,0,2026-05-19 19:00:00,61.024
265,265,NH15 Crossing Fakirpara Tangni,Assam,18,Assam,283,DARRANG,-,-,-,-,-,-,-,-,-,26.50833333,92.11638889,No,0,0,2026-05-19 20:00:00,61.021
266,266,NH15 Crossing Fakirpara Tangni,Assam,18,Assam,283,DARRANG,-,-,-,-,-,-,-,-,-,26.50833333,92.11638889,No,0,0,2026-05-19 21:00:00,61.018
267,267,NH15 Crossing Fakirpara Tangni,Assam,18,Assam,283,DARRANG,-,-,-,-,-,-,-,-,-,26.50833333,92.11638889,No,0,0,2026-05-19 22:00:00,61.013
268,268,NH15 Crossing Fakirpara Tangni,Assam,18,Assam,283,DARRANG,-,-,-,-,-,-,-,-,-,26.50833333,92.11638889,No,0,0,2026-05-19 23:00:00,61.01
269,269,NH15 Crossing Fakirpara Tangni,Assam,18,Assam,283,DARRANG,-,-,-,-,-,-,-,-,-,26.50833333,92.11638889,No,0,0,2026-05-20 00:00:00,61.008
270,270,NH15 Crossing Fakirpara Tangni,Assam,18,Assam,283,DARRANG,-,-,-,-,-,-,-,-,-,26.50833333,92.11638889,No,0,0,2026-05-20 01:00:00,61.007
271,271,NH15 Crossing Fakirpara Tangni,Assam,18,Assam,283,DARRANG,-,-,-,-,-,-,-,-,-,26.50833333,92.11638889,No,0,0,2026-05-20 02:00:00,61.004
272,272,NH15 Crossing Fakirpara Tangni,Assam,18,Assam,283,DARRANG,-,-,-,-,-,-,-,-,-,26.50833333,92.11638889,No,0,0,2026-05-20 03:00:00,61.0
273,273,NH15 Crossing Fakirpara Tangni,Assam,18,Assam,283,DARRANG,-,-,-,-,-,-,-,-,-,26.50833333,92.11638889,No,0,0,2026-05-20 04:00:00,61.0
274,274,NH15 Crossing Fakirpara Tangni,Assam,18,Assam,283,DARRANG,-,-,-,-,-,-,-,-,-,26.50833333,92.11638889,No,0,0,2026-05-20 05:00:00,60.999
275,275,NH15 Crossing Fakirpara Tangni,Assam,18,Assam,283,DARRANG,-,-,-,-,-,-,-,-,-,26.50833333,92.11638889,No,0,0,2026-05-20 06:00:00,60.998
276,276,NH15 Crossing Fakirpara Tangni,Assam,18,Assam,283,DARRANG,-,-,-,-,-,-,-,-,-,26.50833333,92.11638889,No,0,0,2026-05-20 07:00:00,61.0
277,277,NH15 Crossing Fakirpara Tangni,Assam,18,Assam,283,DARRANG,-,-,-,-,-,-,-,-,-,26.50833333,92.11638889,No,0,0,2026-05-20 08:00:00,61.005
278,278,NH15 Crossing Fakirpara Tangni,Assam,18,Assam,283,DARRANG,-,-,-,-,-,-,-,-,-,26.50833333,92.11638889,No,0,0,2026-05-20 09:00:00,61.011
279,279,NH15 Crossing Fakirpara Tangni,Assam,18,Assam,283,DARRANG,-,-,-,-,-,-,-,-,-,26.50833333,92.11638889,No,0,0,2026-05-20 10:00:00,61.017
280,280,NH15 Crossing Fakirpara Tangni,Assam,18,Assam,283,DARRANG,-,-,-,-,-,-,-,-,-,26.50833333,92.11638889,No,0,0,2026-05-20 11:00:00,61.014
281,281,NH15 Crossing Fakirpara Tangni,Assam,18,Assam,283,DARRANG,-,-,-,-,-,-,-,-,-,26.50833333,92.11638889,No,0,0,2026-05-20 12:00:00,61.01
282,282,NH15 Crossing Fakirpara Tangni,Assam,18,Assam,283,DARRANG,-,-,-,-,-,-,-,-,-,26.50833333,92.11638889,No,0,0,2026-05-20 13:00:00,61.009
283,283,NH15 Crossing Fakirpara Tangni,Assam,18,Assam,283,DARRANG,-,-,-,-,-,-,-,-,-,26.50833333,92.11638889,No,0,0,2026-05-20 14:00:00,61.005
284,284,NH15 Crossing Fakirpara Tangni,Assam,18,Assam,283,DARRANG,-,-,-,-,-,-,-,-,-,26.50833333,92.11638889,No,0,0,2026-05-20 15:00:00,61.005
285,285,NH15 Crossing Fakirpara Tangni,Assam,18,Assam,283,DARRANG,-,-,-,-,-,-,-,-,-,26.50833333,92.11638889,No,0,0,2026-05-20 16:00:00,61.001
286,286,NH15 Crossing Fakirpara Tangni,Assam,18,Assam,283,DARRANG,-,-,-,-,-,-,-,-,-,26.50833333,92.11638889,No,0,0,2026-05-20 17:00:00,60.996
287,287,NH15 Crossing Fakirpara Tangni,Assam,18,Assam,283,DARRANG,-,-,-,-,-,-,-,-,-,26.50833333,92.11638889,No,0,0,2026-05-20 18:00:00,60.989
288,288,NH15 Crossing Fakirpara Tangni,Assam,18,Assam,283,DARRANG,-,-,-,-,-,-,-,-,-,26.50833333,92.11638889,No,0,0,2026-05-20 19:00:00,60.984
289,289,NH15 Crossing Fakirpara Tangni,Assam,18,Assam,283,DARRANG,-,-,-,-,-,-,-,-,-,26.50833333,92.11638889,No,0,0,2026-05-20 20:00:00,60.979
290,290,NH15 Crossing Fakirpara Tangni,Assam,18,Assam,283,DARRANG,-,-,-,-,-,-,-,-,-,26.50833333,92.11638889,No,0,0,2026-05-20 21:00:00,60.976
291,291,NH15 Crossing Fakirpara Tangni,Assam,18,Assam,283,DARRANG,-,-,-,-,-,-,-,-,-,26.50833333,92.11638889,No,0,0,2026-05-20 22:00:00,60.973
292,292,NH15 Crossing Fakirpara Tangni,Assam,18,Assam,283,DARRANG,-,-,-,-,-,-,-,-,-,26.50833333,92.11638889,No,0,0,2026-05-20 23:00:00,60.969
293,293,NH15 Crossing Fakirpara Tangni,Assam,18,Assam,283,DARRANG,-,-,-,-,-,-,-,-,-,26.50833333,92.11638889,No,0,0,2026-05-21 00:00:00,60.968
294,294,NH15 Crossing Fakirpara Tangni,Assam,18,Assam,283,DARRANG,-,-,-,-,-,-,-,-,-,26.50833333,92.11638889,No,0,0,2026-05-21 01:00:00,60.967
295,295,NH15 Crossing Fakirpara Tangni,Assam,18,Assam,283,DARRANG,-,-,-,-,-,-,-,-,-,26.50833333,92.11638889,No,0,0,2026-05-21 02:00:00,60.964
296,296,NH15 Crossing Fakirpara Tangni,Assam,18,Assam,283,DARRANG,-,-,-,-,-,-,-,-,-,26.50833333,92.11638889,No,0,0,2026-05-21 03:00:00,60.962
297,297,NH15 Crossing Fakirpara Tangni,Assam,18,Assam,283,DARRANG,-,-,-,-,-,-,-,-,-,26.50833333,92.11638889,No,0,0,2026-05-21 04:00:00,60.961
298,298,NH15 Crossing Fakirpara Tangni,Assam,18,Assam,283,DARRANG,-,-,-,-,-,-,-,-,-,26.50833333,92.11638889,No,0,0,2026-05-21 05:00:00,60.961
299,299,NH15 Crossing Fakirpara Tangni,Assam,18,Assam,283,DARRANG,-,-,-,-,-,-,-,-,-,26.50833333,92.11638889,No,0,0,2026-05-21 06:00:00,60.961
300,300,NH15 Crossing Fakirpara Tangni,Assam,18,Assam,283,DARRANG,-,-,-,-,-,-,-,-,-,26.50833333,92.11638889,No,0,0,2026-05-21 07:00:00,60.966
301,301,NH15 Crossing Fakirpara Tangni,Assam,18,Assam,283,DARRANG,-,-,-,-,-,-,-,-,-,26.50833333,92.11638889,No,0,0,2026-05-21 08:00:00,60.968
302,302,NH15 Crossing Fakirpara Tangni,Assam,18,Assam,283,DARRANG,-,-,-,-,-,-,-,-,-,26.50833333,92.11638889,No,0,0,2026-05-21 09:00:00,60.97
303,303,NH15 Crossing Fakirpara Tangni,Assam,18,Assam,283,DARRANG,-,-,-,-,-,-,-,-,-,26.50833333,92.11638889,No,0,0,2026-05-21 10:00:00,60.973
304,304,NH15 Crossing Fakirpara Tangni,Assam,18,Assam,283,DARRANG,-,-,-,-,-,-,-,-,-,26.50833333,92.11638889,No,0,0,2026-05-21 11:00:00,60.972
305,305,NH15 Crossing Fakirpara Tangni,Assam,18,Assam,283,DARRANG,-,-,-,-,-,-,-,-,-,26.50833333,92.11638889,No,0,0,2026-05-21 12:00:00,60.973
306,306,NH15 Crossing Fakirpara Tangni,Assam,18,Assam,283,DARRANG,-,-,-,-,-,-,-,-,-,26.50833333,92.11638889,No,0,0,2026-05-21 13:00:00,60.973
307,307,NH15 Crossing Fakirpara Tangni,Assam,18,Assam,283,DARRANG,-,-,-,-,-,-,-,-,-,26.50833333,92.11638889,No,0,0,2026-05-21 14:00:00,60.972
308,308,NH15 Crossing Fakirpara Tangni,Assam,18,Assam,283,DARRANG,-,-,-,-,-,-,-,-,-,26.50833333,92.11638889,No,0,0,2026-05-21 15:00:00,60.954
309,309,NH15 Crossing Fakirpara Tangni,Assam,18,Assam,283,DARRANG,-,-,-,-,-,-,-,-,-,26.50833333,92.11638889,No,0,0,2026-05-21 16:00:00,60.96
310,310,NH15 Crossing Fakirpara Tangni,Assam,18,Assam,283,DARRANG,-,-,-,-,-,-,-,-,-,26.50833333,92.11638889,No,0,0,2026-05-21 17:00:00,60.954
311,311,NH15 Crossing Fakirpara Tangni,Assam,18,Assam,283,DARRANG,-,-,-,-,-,-,-,-,-,26.50833333,92.11638889,No,0,0,2026-05-21 18:00:00,60.952
312,312,NH15 Crossing Fakirpara Tangni,Assam,18,Assam,283,DARRANG,-,-,-,-,-,-,-,-,-,26.50833333,92.11638889,No,0,0,2026-05-21 19:00:00,60.951
313,313,NH15 Crossing Fakirpara Tangni,Assam,18,Assam,283,DARRANG,-,-,-,-,-,-,-,-,-,26.50833333,92.11638889,No,0,0,2026-05-21 20:00:00,60.952
314,314,NH15 Crossing Fakirpara Tangni,Assam,18,Assam,283,DARRANG,-,-,-,-,-,-,-,-,-,26.50833333,92.11638889,No,0,0,2026-05-21 21:00:00,60.95
315,315,NH15 Crossing Fakirpara Tangni,Assam,18,Assam,283,DARRANG,-,-,-,-,-,-,-,-,-,26.50833333,92.11638889,No,0,0,2026-05-21 22:00:00,60.948
316,316,NH15 Crossing Fakirpara Tangni,Assam,18,Assam,283,DARRANG,-,-,-,-,-,-,-,-,-,26.50833333,92.11638889,No,0,0,2026-05-21 23:00:00,60.948
317,317,NH15 Crossing Fakirpara Tangni,Assam,18,Assam,283,DARRANG,-,-,-,-,-,-,-,-,-,26.50833333,92.11638889,No,0,0,2026-05-22 00:00:00,60.947
318,318,NH15 Crossing Fakirpara Tangni,Assam,18,Assam,283,DARRANG,-,-,-,-,-,-,-,-,-,26.50833333,92.11638889,No,0,0,2026-05-22 01:00:00,60.948
319,319,NH15 Crossing Fakirpara Tangni,Assam,18,Assam,283,DARRANG,-,-,-,-,-,-,-,-,-,26.50833333,92.11638889,No,0,0,2026-05-22 02:00:00,60.95
320,320,NH15 Crossing Fakirpara Tangni,Assam,18,Assam,283,DARRANG,-,-,-,-,-,-,-,-,-,26.50833333,92.11638889,No,0,0,2026-05-22 03:00:00,60.952
321,321,NH15 Crossing Fakirpara Tangni,Assam,18,Assam,283,DARRANG,-,-,-,-,-,-,-,-,-,26.50833333,92.11638889,No,0,0,2026-05-22 04:00:00,60.955
322,322,NH15 Crossing Fakirpara Tangni,Assam,18,Assam,283,DARRANG,-,-,-,-,-,-,-,-,-,26.50833333,92.11638889,No,0,0,2026-05-22 05:00:00,60.956
323,323,NH15 Crossing Fakirpara Tangni,Assam,18,Assam,283,DARRANG,-,-,-,-,-,-,-,-,-,26.50833333,92.11638889,No,0,0,2026-05-22 06:00:00,60.956
324,324,NH15 Crossing Fakirpara Tangni,Assam,18,Assam,283,DARRANG,-,-,-,-,-,-,-,-,-,26.50833333,92.11638889,No,0,0,2026-05-22 07:00:00,60.959
325,325,NH15 Crossing Fakirpara Tangni,Assam,18,Assam,283,DARRANG,-,-,-,-,-,-,-,-,-,26.50833333,92.11638889,No,0,0,2026-05-22 08:00:00,60.965
326,326,NH15 Crossing Fakirpara Tangni,Assam,18,Assam,283,DARRANG,-,-,-,-,-,-,-,-,-,26.50833333,92.11638889,No,0,0,2026-05-22 09:00:00,60.969
327,327,NH15 Crossing Fakirpara Tangni,Assam,18,Assam,283,DARRANG,-,-,-,-,-,-,-,-,-,26.50833333,92.11638889,No,0,0,2026-05-22 10:00:00,60.97
328,328,NH15 Crossing Fakirpara Tangni,Assam,18,Assam,283,DARRANG,-,-,-,-,-,-,-,-,-,26.50833333,92.11638889,No,0,0,2026-05-22 11:00:00,60.967
329,329,NH15 Crossing Fakirpara Tangni,Assam,18,Assam,283,DARRANG,-,-,-,-,-,-,-,-,-,26.50833333,92.11638889,No,0,0,2026-05-22 12:00:00,60.963
330,330,NH15 Crossing Fakirpara Tangni,Assam,18,Assam,283,DARRANG,-,-,-,-,-,-,-,-,-,26.50833333,92.11638889,No,0,0,2026-05-22 13:00:00,60.961
331,331,NH15 Crossing Fakirpara Tangni,Assam,18,Assam,283,DARRANG,-,-,-,-,-,-,-,-,-,26.50833333,92.11638889,No,0,0,2026-05-22 14:00:00,60.961
332,332,NH15 Crossing Fakirpara Tangni,Assam,18,Assam,283,DARRANG,-,-,-,-,-,-,-,-,-,26.50833333,92.11638889,No,0,0,2026-05-22 15:00:00,60.958
333,333,NH15 Crossing Fakirpara Tangni,Assam,18,Assam,283,DARRANG,-,-,-,-,-,-,-,-,-,26.50833333,92.11638889,No,0,0,2026-05-22 16:00:00,60.956
334,334,NH15 Crossing Fakirpara Tangni,Assam,18,Assam,283,DARRANG,-,-,-,-,-,-,-,-,-,26.50833333,92.11638889,No,0,0,2026-05-22 17:00:00,60.951
335,335,NH15 Crossing Fakirpara Tangni,Assam,18,Assam,283,DARRANG,-,-,-,-,-,-,-,-,-,26.50833333,92.11638889,No,0,0,2026-05-22 18:00:00,60.942
336,336,NH15 Crossing Fakirpara Tangni,Assam,18,Assam,283,DARRANG,-,-,-,-,-,-,-,-,-,26.50833333,92.11638889,No,0,0,2026-05-22 19:00:00,60.94
337,337,NH15 Crossing Fakirpara Tangni,Assam,18,Assam,283,DARRANG,-,-,-,-,-,-,-,-,-,26.50833333,92.11638889,No,0,0,2026-05-22 20:00:00,60.94
338,338,NH15 Crossing Fakirpara Tangni,Assam,18,Assam,283,DARRANG,-,-,-,-,-,-,-,-,-,26.50833333,92.11638889,No,0,0,2026-05-22 21:00:00,60.943
339,339,NH15 Crossing Fakirpara Tangni,Assam,18,Assam,283,DARRANG,-,-,-,-,-,-,-,-,-,26.50833333,92.11638889,No,0,0,2026-05-22 22:00:00,60.942
340,340,NH15 Crossing Fakirpara Tangni,Assam,18,Assam,283,DARRANG,-,-,-,-,-,-,-,-,-,26.50833333,92.11638889,No,0,0,2026-05-22 23:00:00,60.938
341,341,NH15 Crossing Fakirpara Tangni,Assam,18,Assam,283,DARRANG,-,-,-,-,-,-,-,-,-,26.50833333,92.11638889,No,0,0,2026-05-23 00:00:00,60.935
342,342,NH15 Crossing Fakirpara Tangni,Assam,18,Assam,283,DARRANG,-,-,-,-,-,-,-,-,-,26.50833333,92.11638889,No,0,0,2026-05-23 01:00:00,60.936
343,343,NH15 Crossing Fakirpara Tangni,Assam,18,Assam,283,DARRANG,-,-,-,-,-,-,-,-,-,26.50833333,92.11638889,No,0,0,2026-05-23 02:00:00,60.935
344,344,NH15 Crossing Fakirpara Tangni,Assam,18,Assam,283,DARRANG,-,-,-,-,-,-,-,-,-,26.50833333,92.11638889,No,0,0,2026-05-23 03:00:00,60.935
345,345,NH15 Crossing Fakirpara Tangni,Assam,18,Assam,283,DARRANG,-,-,-,-,-,-,-,-,-,26.50833333,92.11638889,No,0,0,2026-05-23 04:00:00,60.936
346,346,NH15 Crossing Fakirpara Tangni,Assam,18,Assam,283,DARRANG,-,-,-,-,-,-,-,-,-,26.50833333,92.11638889,No,0,0,2026-05-23 05:00:00,60.939
347,347,NH15 Crossing Fakirpara Tangni,Assam,18,Assam,283,DARRANG,-,-,-,-,-,-,-,-,-,26.50833333,92.11638889,No,0,0,2026-05-23 06:00:00,60.989
348,348,NH15 Crossing Fakirpara Tangni,Assam,18,Assam,283,DARRANG,-,-,-,-,-,-,-,-,-,26.50833333,92.11638889,No,0,0,2026-05-23 07:00:00,61.142
349,349,NH15 Crossing Fakirpara Tangni,Assam,18,Assam,283,DARRANG,-,-,-,-,-,-,-,-,-,26.50833333,92.11638889,No,0,0,2026-05-23 08:00:00,61.28
350,350,NH15 Crossing Fakirpara Tangni,Assam,18,Assam,283,DARRANG,-,-,-,-,-,-,-,-,-,26.50833333,92.11638889,No,0,0,2026-05-23 09:00:00,61.315
351,351,NH15 Crossing Fakirpara Tangni,Assam,18,Assam,283,DARRANG,-,-,-,-,-,-,-,-,-,26.50833333,92.11638889,No,0,0,2026-05-23 10:00:00,61.317
352,352,NH15 Crossing Fakirpara Tangni,Assam,18,Assam,283,DARRANG,-,-,-,-,-,-,-,-,-,26.50833333,92.11638889,No,0,0,2026-05-23 11:00:00,61.287
353,353,NH15 Crossing Fakirpara Tangni,Assam,18,Assam,283,DARRANG,-,-,-,-,-,-,-,-,-,26.50833333,92.11638889,No,0,0,2026-05-23 12:00:00,61.256
354,354,NH15 Crossing Fakirpara Tangni,Assam,18,Assam,283,DARRANG,-,-,-,-,-,-,-,-,-,26.50833333,92.11638889,No,0,0,2026-05-23 13:00:00,61.224
355,355,NH15 Crossing Fakirpara Tangni,Assam,18,Assam,283,DARRANG,-,-,-,-,-,-,-,-,-,26.50833333,92.11638889,No,0,0,2026-05-23 14:00:00,61.202
356,356,NH15 Crossing Fakirpara Tangni,Assam,18,Assam,283,DARRANG,-,-,-,-,-,-,-,-,-,26.50833333,92.11638889,No,0,0,2026-05-23 15:00:00,61.182
357,357,NH15 Crossing Fakirpara Tangni,Assam,18,Assam,283,DARRANG,-,-,-,-,-,-,-,-,-,26.50833333,92.11638889,No,0,0,2026-05-23 16:00:00,61.159
358,358,NH15 Crossing Fakirpara Tangni,Assam,18,Assam,283,DARRANG,-,-,-,-,-,-,-,-,-,26.50833333,92.11638889,No,0,0,2026-05-23 17:00:00,61.14
359,359,NH15 Crossing Fakirpara Tangni,Assam,18,Assam,283,DARRANG,-,-,-,-,-,-,-,-,-,26.50833333,92.11638889,No,0,0,2026-05-23 18:00:00,61.122
360,360,NH15 Crossing Fakirpara Tangni,Assam,18,Assam,283,DARRANG,-,-,-,-,-,-,-,-,-,26.50833333,92.11638889,No,0,0,2026-05-23 19:00:00,61.109
361,361,NH15 Crossing Fakirpara Tangni,Assam,18,Assam,283,DARRANG,-,-,-,-,-,-,-,-,-,26.50833333,92.11638889,No,0,0,2026-05-23 20:00:00,61.095
362,362,NH15 Crossing Fakirpara Tangni,Assam,18,Assam,283,DARRANG,-,-,-,-,-,-,-,-,-,26.50833333,92.11638889,No,0,0,2026-05-23 21:00:00,61.051
363,363,NH15 Crossing Fakirpara Tangni,Assam,18,Assam,283,DARRANG,-,-,-,-,-,-,-,-,-,26.50833333,92.11638889,No,0,0,2026-05-23 22:00:00,61.083
364,364,NH15 Crossing Fakirpara Tangni,Assam,18,Assam,283,DARRANG,-,-,-,-,-,-,-,-,-,26.50833333,92.11638889,No,0,0,2026-05-23 23:00:00,61.069
365,365,NH15 Crossing Fakirpara Tangni,Assam,18,Assam,283,DARRANG,-,-,-,-,-,-,-,-,-,26.50833333,92.11638889,No,0,0,2026-05-24 00:00:00,61.082
366,366,NH15 Crossing Fakirpara Tangni,Assam,18,Assam,283,DARRANG,-,-,-,-,-,-,-,-,-,26.50833333,92.11638889,No,0,0,2026-05-24 01:00:00,61.087
367,367,NH15 Crossing Fakirpara Tangni,Assam,18,Assam,283,DARRANG,-,-,-,-,-,-,-,-,-,26.50833333,92.11638889,No,0,0,2026-05-24 02:00:00,61.086
368,368,NH15 Crossing Fakirpara Tangni,Assam,18,Assam,283,DARRANG,-,-,-,-,-,-,-,-,-,26.50833333,92.11638889,No,0,0,2026-05-24 03:00:00,61.085
369,369,NH15 Crossing Fakirpara Tangni,Assam,18,Assam,283,DARRANG,-,-,-,-,-,-,-,-,-,26.50833333,92.11638889,No,0,0,2026-05-24 04:00:00,61.084
370,370,NH15 Crossing Fakirpara Tangni,Assam,18,Assam,283,DARRANG,-,-,-,-,-,-,-,-,-,26.50833333,92.11638889,No,0,0,2026-05-24 05:00:00,61.086
371,371,NH15 Crossing Fakirpara Tangni,Assam,18,Assam,283,DARRANG,-,-,-,-,-,-,-,-,-,26.50833333,92.11638889,No,0,0,2026-05-24 06:00:00,61.095
372,372,NH15 Crossing Fakirpara Tangni,Assam,18,Assam,283,DARRANG,-,-,-,-,-,-,-,-,-,26.50833333,92.11638889,No,0,0,2026-05-24 07:00:00,61.118
373,373,NH15 Crossing Fakirpara Tangni,Assam,18,Assam,283,DARRANG,-,-,-,-,-,-,-,-,-,26.50833333,92.11638889,No,0,0,2026-05-24 08:00:00,61.159
374,374,NH15 Crossing Fakirpara Tangni,Assam,18,Assam,283,DARRANG,-,-,-,-,-,-,-,-,-,26.50833333,92.11638889,No,0,0,2026-05-24 09:00:00,61.21
375,375,NH15 Crossing Fakirpara Tangni,Assam,18,Assam,283,DARRANG,-,-,-,-,-,-,-,-,-,26.50833333,92.11638889,No,0,0,2026-05-24 10:00:00,61.251
376,376,NH15 Crossing Fakirpara Tangni,Assam,18,Assam,283,DARRANG,-,-,-,-,-,-,-,-,-,26.50833333,92.11638889,No,0,0,2026-05-24 11:00:00,61.267
377,377,NH15 Crossing Fakirpara Tangni,Assam,18,Assam,283,DARRANG,-,-,-,-,-,-,-,-,-,26.50833333,92.11638889,No,0,0,2026-05-24 12:00:00,61.263
378,378,NH15 Crossing Fakirpara Tangni,Assam,18,Assam,283,DARRANG,-,-,-,-,-,-,-,-,-,26.50833333,92.11638889,No,0,0,2026-05-24 13:00:00,61.275
379,379,NH15 Crossing Fakirpara Tangni,Assam,18,Assam,283,DARRANG,-,-,-,-,-,-,-,-,-,26.50833333,92.11638889,No,0,0,2026-05-24 14:00:00,61.266
380,380,NH15 Crossing Fakirpara Tangni,Assam,18,Assam,283,DARRANG,-,-,-,-,-,-,-,-,-,26.50833333,92.11638889,No,0,0,2026-05-24 15:00:00,61.249
381,381,NH15 Crossing Fakirpara Tangni,Assam,18,Assam,283,DARRANG,-,-,-,-,-,-,-,-,-,26.50833333,92.11638889,No,0,0,2026-05-24 16:00:00,61.239
382,382,NH15 Crossing Fakirpara Tangni,Assam,18,Assam,283,DARRANG,-,-,-,-,-,-,-,-,-,26.50833333,92.11638889,No,0,0,2026-05-24 17:00:00,61.225
383,383,NH15 Crossing Fakirpara Tangni,Assam,18,Assam,283,DARRANG,-,-,-,-,-,-,-,-,-,26.50833333,92.11638889,No,0,0,2026-05-24 18:00:00,61.213
384,384,NH15 Crossing Fakirpara Tangni,Assam,18,Assam,283,DARRANG,-,-,-,-,-,-,-,-,-,26.50833333,92.11638889,No,0,0,2026-05-24 19:00:00,61.208
385,385,NH15 Crossing Fakirpara Tangni,Assam,18,Assam,283,DARRANG,-,-,-,-,-,-,-,-,-,26.50833333,92.11638889,No,0,0,2026-05-24 20:00:00,61.207
386,386,NH15 Crossing Fakirpara Tangni,Assam,18,Assam,283,DARRANG,-,-,-,-,-,-,-,-,-,26.50833333,92.11638889,No,0,0,2026-05-24 21:00:00,61.21
387,387,NH15 Crossing Fakirpara Tangni,Assam,18,Assam,283,DARRANG,-,-,-,-,-,-,-,-,-,26.50833333,92.11638889,No,0,0,2026-05-24 22:00:00,61.212
388,388,NH15 Crossing Fakirpara Tangni,Assam,18,Assam,283,DARRANG,-,-,-,-,-,-,-,-,-,26.50833333,92.11638889,No,0,0,2026-05-24 23:00:00,61.209
389,389,NH15 Crossing Fakirpara Tangni,Assam,18,Assam,283,DARRANG,-,-,-,-,-,-,-,-,-,26.50833333,92.11638889,No,0,0,2026-05-25 00:00:00,61.202
390,390,NH15 Crossing Fakirpara Tangni,Assam,18,Assam,283,DARRANG,-,-,-,-,-,-,-,-,-,26.50833333,92.11638889,No,0,0,2026-05-25 01:00:00,61.192
391,391,NH15 Crossing Fakirpara Tangni,Assam,18,Assam,283,DARRANG,-,-,-,-,-,-,-,-,-,26.50833333,92.11638889,No,0,0,2026-05-25 02:00:00,61.183
392,392,NH15 Crossing Fakirpara Tangni,Assam,18,Assam,283,DARRANG,-,-,-,-,-,-,-,-,-,26.50833333,92.11638889,No,0,0,2026-05-25 03:00:00,61.17
393,393,NH15 Crossing Fakirpara Tangni,Assam,18,Assam,283,DARRANG,-,-,-,-,-,-,-,-,-,26.50833333,92.11638889,No,0,0,2026-05-25 04:00:00,61.159
394,394,NH15 Crossing Fakirpara Tangni,Assam,18,Assam,283,DARRANG,-,-,-,-,-,-,-,-,-,26.50833333,92.11638889,No,0,0,2026-05-25 05:00:00,61.151
395,395,NH15 Crossing Fakirpara Tangni,Assam,18,Assam,283,DARRANG,-,-,-,-,-,-,-,-,-,26.50833333,92.11638889,No,0,0,2026-05-25 06:00:00,61.147
396,396,NH15 Crossing Fakirpara Tangni,Assam,18,Assam,283,DARRANG,-,-,-,-,-,-,-,-,-,26.50833333,92.11638889,No,0,0,2026-05-25 07:00:00,61.147
397,397,NH15 Crossing Fakirpara Tangni,Assam,18,Assam,283,DARRANG,-,-,-,-,-,-,-,-,-,26.50833333,92.11638889,No,0,0,2026-05-25 08:00:00,61.149
398,398,NH15 Crossing Fakirpara Tangni,Assam,18,Assam,283,DARRANG,-,-,-,-,-,-,-,-,-,26.50833333,92.11638889,No,0,0,2026-05-25 09:00:00,61.147
399,399,NH15 Crossing Fakirpara Tangni,Assam,18,Assam,283,DARRANG,-,-,-,-,-,-,-,-,-,26.50833333,92.11638889,No,0,0,2026-05-25 10:00:00,61.137
400,400,NH15 Crossing Fakirpara Tangni,Assam,18,Assam,283,DARRANG,-,-,-,-,-,-,-,-,-,26.50833333,92.11638889,No,0,0,2026-05-25 11:00:00,61.134
401,401,NH15 Crossing Fakirpara Tangni,Assam,18,Assam,283,DARRANG,-,-,-,-,-,-,-,-,-,26.50833333,92.11638889,No,0,0,2026-05-25 12:00:00,61.113
402,402,NH15 Crossing Fakirpara Tangni,Assam,18,Assam,283,DARRANG,-,-,-,-,-,-,-,-,-,26.50833333,92.11638889,No,0,0,2026-05-25 13:00:00,61.13
403,403,NH15 Crossing Fakirpara Tangni,Assam,18,Assam,283,DARRANG,-,-,-,-,-,-,-,-,-,26.50833333,92.11638889,No,0,0,2026-05-25 14:00:00,61.109
404,404,NH15 Crossing Fakirpara Tangni,Assam,18,Assam,283,DARRANG,-,-,-,-,-,-,-,-,-,26.50833333,92.11638889,No,0,0,2026-05-25 15:00:00,61.134
405,405,NH15 Crossing Fakirpara Tangni,Assam,18,Assam,283,DARRANG,-,-,-,-,-,-,-,-,-,26.50833333,92.11638889,No,0,0,2026-05-25 16:00:00,61.135
406,406,NH15 Crossing Fakirpara Tangni,Assam,18,Assam,283,DARRANG,-,-,-,-,-,-,-,-,-,26.50833333,92.11638889,No,0,0,2026-05-25 17:00:00,61.128
407,407,NH15 Crossing Fakirpara Tangni,Assam,18,Assam,283,DARRANG,-,-,-,-,-,-,-,-,-,26.50833333,92.11638889,No,0,0,2026-05-25 18:00:00,61.121
408,408,NH15 Crossing Fakirpara Tangni,Assam,18,Assam,283,DARRANG,-,-,-,-,-,-,-,-,-,26.50833333,92.11638889,No,0,0,2026-05-25 19:00:00,61.114
409,409,NH15 Crossing Fakirpara Tangni,Assam,18,Assam,283,DARRANG,-,-,-,-,-,-,-,-,-,26.50833333,92.11638889,No,0,0,2026-05-25 20:00:00,61.104
410,410,NH15 Crossing Fakirpara Tangni,Assam,18,Assam,283,DARRANG,-,-,-,-,-,-,-,-,-,26.50833333,92.11638889,No,0,0,2026-05-25 21:00:00,61.1
411,411,NH15 Crossing Fakirpara Tangni,Assam,18,Assam,283,DARRANG,-,-,-,-,-,-,-,-,-,26.50833333,92.11638889,No,0,0,2026-05-25 22:00:00,61.095
412,412,NH15 Crossing Fakirpara Tangni,Assam,18,Assam,283,DARRANG,-,-,-,-,-,-,-,-,-,26.50833333,92.11638889,No,0,0,2026-05-25 23:00:00,61.09
413,413,NH15 Crossing Fakirpara Tangni,Assam,18,Assam,283,DARRANG,-,-,-,-,-,-,-,-,-,26.50833333,92.11638889,No,0,0,2026-05-26 00:00:00,61.077
414,414,NH15 Crossing Fakirpara Tangni,Assam,18,Assam,283,DARRANG,-,-,-,-,-,-,-,-,-,26.50833333,92.11638889,No,0,0,2026-05-26 01:00:00,61.089
415,415,NH15 Crossing Fakirpara Tangni,Assam,18,Assam,283,DARRANG,-,-,-,-,-,-,-,-,-,26.50833333,92.11638889,No,0,0,2026-05-26 02:00:00,61.085
416,416,NH15 Crossing Fakirpara Tangni,Assam,18,Assam,283,DARRANG,-,-,-,-,-,-,-,-,-,26.50833333,92.11638889,No,0,0,2026-05-26 03:00:00,61.079
417,417,NH15 Crossing Fakirpara Tangni,Assam,18,Assam,283,DARRANG,-,-,-,-,-,-,-,-,-,26.50833333,92.11638889,No,0,0,2026-05-26 04:00:00,61.073
418,418,NH15 Crossing Fakirpara Tangni,Assam,18,Assam,283,DARRANG,-,-,-,-,-,-,-,-,-,26.50833333,92.11638889,No,0,0,2026-05-26 05:00:00,61.067
419,419,NH15 Crossing Fakirpara Tangni,Assam,18,Assam,283,DARRANG,-,-,-,-,-,-,-,-,-,26.50833333,92.11638889,No,0,0,2026-05-26 07:00:00,61.059
420,420,NH15 Crossing Fakirpara Tangni,Assam,18,Assam,283,DARRANG,-,-,-,-,-,-,-,-,-,26.50833333,92.11638889,No,0,0,2026-05-26 08:00:00,61.056
421,421,NH15 Crossing Fakirpara Tangni,Assam,18,Assam,283,DARRANG,-,-,-,-,-,-,-,-,-,26.50833333,92.11638889,No,0,0,2026-05-26 09:00:00,61.053
422,422,NH15 Crossing Fakirpara Tangni,Assam,18,Assam,283,DARRANG,-,-,-,-,-,-,-,-,-,26.50833333,92.11638889,No,0,0,2026-05-26 10:00:00,61.055
423,423,NH15 Crossing Fakirpara Tangni,Assam,18,Assam,283,DARRANG,-,-,-,-,-,-,-,-,-,26.50833333,92.11638889,No,0,0,2026-05-26 11:00:00,61.06
424,424,NH15 Crossing Fakirpara Tangni,Assam,18,Assam,283,DARRANG,-,-,-,-,-,-,-,-,-,26.50833333,92.11638889,No,0,0,2026-05-26 12:00:00,61.056
425,425,NH15 Crossing Fakirpara Tangni,Assam,18,Assam,283,DARRANG,-,-,-,-,-,-,-,-,-,26.50833333,92.11638889,No,0,0,2026-05-26 13:00:00,61.058
426,426,NH15 Crossing Fakirpara Tangni,Assam,18,Assam,283,DARRANG,-,-,-,-,-,-,-,-,-,26.50833333,92.11638889,No,0,0,2026-05-26 14:00:00,61.061
427,427,NH15 Crossing Fakirpara Tangni,Assam,18,Assam,283,DARRANG,-,-,-,-,-,-,-,-,-,26.50833333,92.11638889,No,0,0,2026-05-26 15:00:00,61.05
428,428,NH15 Crossing Fakirpara Tangni,Assam,18,Assam,283,DARRANG,-,-,-,-,-,-,-,-,-,26.50833333,92.11638889,No,0,0,2026-05-26 16:00:00,61.044
429,429,NH15 Crossing Fakirpara Tangni,Assam,18,Assam,283,DARRANG,-,-,-,-,-,-,-,-,-,26.50833333,92.11638889,No,0,0,2026-05-26 17:00:00,61.04
430,430,NH15 Crossing Fakirpara Tangni,Assam,18,Assam,283,DARRANG,-,-,-,-,-,-,-,-,-,26.50833333,92.11638889,No,0,0,2026-05-26 18:00:00,61.036
431,431,NH15 Crossing Fakirpara Tangni,Assam,18,Assam,283,DARRANG,-,-,-,-,-,-,-,-,-,26.50833333,92.11638889,No,0,0,2026-05-26 19:00:00,61.029
432,432,NH15 Crossing Fakirpara Tangni,Assam,18,Assam,283,DARRANG,-,-,-,-,-,-,-,-,-,26.50833333,92.11638889,No,0,0,2026-05-26 20:00:00,61.025
433,433,NH15 Crossing Fakirpara Tangni,Assam,18,Assam,283,DARRANG,-,-,-,-,-,-,-,-,-,26.50833333,92.11638889,No,0,0,2026-05-26 21:00:00,61.024
434,434,NH15 Crossing Fakirpara Tangni,Assam,18,Assam,283,DARRANG,-,-,-,-,-,-,-,-,-,26.50833333,92.11638889,No,0,0,2026-05-26 22:00:00,61.022
435,435,NH15 Crossing Fakirpara Tangni,Assam,18,Assam,283,DARRANG,-,-,-,-,-,-,-,-,-,26.50833333,92.11638889,No,0,0,2026-05-26 23:00:00,61.019
436,436,NH15 Crossing Fakirpara Tangni,Assam,18,Assam,283,DARRANG,-,-,-,-,-,-,-,-,-,26.50833333,92.11638889,No,0,0,2026-05-27 00:00:00,61.017
437,437,NH15 Crossing Fakirpara Tangni,Assam,18,Assam,283,DARRANG,-,-,-,-,-,-,-,-,-,26.50833333,92.11638889,No,0,0,2026-05-27 01:00:00,61.015
438,438,NH15 Crossing Fakirpara Tangni,Assam,18,Assam,283,DARRANG,-,-,-,-,-,-,-,-,-,26.50833333,92.11638889,No,0,0,2026-05-27 02:00:00,61.009
439,439,NH15 Crossing Fakirpara Tangni,Assam,18,Assam,283,DARRANG,-,-,-,-,-,-,-,-,-,26.50833333,92.11638889,No,0,0,2026-05-27 03:00:00,61.013
440,440,NH15 Crossing Fakirpara Tangni,Assam,18,Assam,283,DARRANG,-,-,-,-,-,-,-,-,-,26.50833333,92.11638889,No,0,0,2026-05-27 04:00:00,61.008
441,441,NH15 Crossing Fakirpara Tangni,Assam,18,Assam,283,DARRANG,-,-,-,-,-,-,-,-,-,26.50833333,92.11638889,No,0,0,2026-05-27 05:00:00,61.005
442,442,NH15 Crossing Fakirpara Tangni,Assam,18,Assam,283,DARRANG,-,-,-,-,-,-,-,-,-,26.50833333,92.11638889,No,0,0,2026-05-27 06:00:00,61.006
443,443,NH15 Crossing Fakirpara Tangni,Assam,18,Assam,283,DARRANG,-,-,-,-,-,-,-,-,-,26.50833333,92.11638889,No,0,0,2026-05-27 07:00:00,61.009
444,444,NH15 Crossing Fakirpara Tangni,Assam,18,Assam,283,DARRANG,-,-,-,-,-,-,-,-,-,26.50833333,92.11638889,No,0,0,2026-05-27 08:00:00,61.011
445,445,NH15 Crossing Fakirpara Tangni,Assam,18,Assam,283,DARRANG,-,-,-,-,-,-,-,-,-,26.50833333,92.11638889,No,0,0,2026-05-27 09:00:00,61.013
446,446,NH15 Crossing Fakirpara Tangni,Assam,18,Assam,283,DARRANG,-,-,-,-,-,-,-,-,-,26.50833333,92.11638889,No,0,0,2026-05-27 10:00:00,61.009
447,447,NH15 Crossing Fakirpara Tangni,Assam,18,Assam,283,DARRANG,-,-,-,-,-,-,-,-,-,26.50833333,92.11638889,No,0,0,2026-05-27 11:00:00,61.015
448,448,NH15 Crossing Fakirpara Tangni,Assam,18,Assam,283,DARRANG,-,-,-,-,-,-,-,-,-,26.50833333,92.11638889,No,0,0,2026-05-27 12:00:00,61.015
449,449,NH15 Crossing Fakirpara Tangni,Assam,18,Assam,283,DARRANG,-,-,-,-,-,-,-,-,-,26.50833333,92.11638889,No,0,0,2026-05-27 13:00:00,61.015
450,450,NH15 Crossing Fakirpara Tangni,Assam,18,Assam,283,DARRANG,-,-,-,-,-,-,-,-,-,26.50833333,92.11638889,No,0,0,2026-05-27 14:00:00,61.013
451,451,NH15 Crossing Fakirpara Tangni,Assam,18,Assam,283,DARRANG,-,-,-,-,-,-,-,-,-,26.50833333,92.11638889,No,0,0,2026-05-27 15:00:00,61.014
452,452,NH15 Crossing Fakirpara Tangni,Assam,18,Assam,283,DARRANG,-,-,-,-,-,-,-,-,-,26.50833333,92.11638889,No,0,0,2026-05-27 16:00:00,61.013
453,453,NH15 Crossing Fakirpara Tangni,Assam,18,Assam,283,DARRANG,-,-,-,-,-,-,-,-,-,26.50833333,92.11638889,No,0,0,2026-05-27 17:00:00,61.013
454,454,NH15 Crossing Fakirpara Tangni,Assam,18,Assam,283,DARRANG,-,-,-,-,-,-,-,-,-,26.50833333,92.11638889,No,0,0,2026-05-27 18:00:00,61.023
455,455,NH15 Crossing Fakirpara Tangni,Assam,18,Assam,283,DARRANG,-,-,-,-,-,-,-,-,-,26.50833333,92.11638889,No,0,0,2026-05-27 19:00:00,61.036
456,456,NH15 Crossing Fakirpara Tangni,Assam,18,Assam,283,DARRANG,-,-,-,-,-,-,-,-,-,26.50833333,92.11638889,No,0,0,2026-05-27 20:00:00,61.058
457,457,NH15 Crossing Fakirpara Tangni,Assam,18,Assam,283,DARRANG,-,-,-,-,-,-,-,-,-,26.50833333,92.11638889,No,0,0,2026-05-27 21:00:00,61.079
458,458,NH15 Crossing Fakirpara Tangni,Assam,18,Assam,283,DARRANG,-,-,-,-,-,-,-,-,-,26.50833333,92.11638889,No,0,0,2026-05-27 22:00:00,61.096
459,459,NH15 Crossing Fakirpara Tangni,Assam,18,Assam,283,DARRANG,-,-,-,-,-,-,-,-,-,26.50833333,92.11638889,No,0,0,2026-05-27 23:00:00,61.105
460,460,NH15 Crossing Fakirpara Tangni,Assam,18,Assam,283,DARRANG,-,-,-,-,-,-,-,-,-,26.50833333,92.11638889,No,0,0,2026-05-28 00:00:00,61.104
461,461,NH15 Crossing Fakirpara Tangni,Assam,18,Assam,283,DARRANG,-,-,-,-,-,-,-,-,-,26.50833333,92.11638889,No,0,0,2026-05-28 01:00:00,61.095
462,462,NH15 Crossing Fakirpara Tangni,Assam,18,Assam,283,DARRANG,-,-,-,-,-,-,-,-,-,26.50833333,92.11638889,No,0,0,2026-05-28 02:00:00,61.089
463,463,NH15 Crossing Fakirpara Tangni,Assam,18,Assam,283,DARRANG,-,-,-,-,-,-,-,-,-,26.50833333,92.11638889,No,0,0,2026-05-28 03:00:00,61.076
464,464,NH15 Crossing Fakirpara Tangni,Assam,18,Assam,283,DARRANG,-,-,-,-,-,-,-,-,-,26.50833333,92.11638889,No,0,0,2026-05-28 04:00:00,61.063
465,465,NH15 Crossing Fakirpara Tangni,Assam,18,Assam,283,DARRANG,-,-,-,-,-,-,-,-,-,26.50833333,92.11638889,No,0,0,2026-05-28 05:00:00,61.054
466,466,NH15 Crossing Fakirpara Tangni,Assam,18,Assam,283,DARRANG,-,-,-,-,-,-,-,-,-,26.50833333,92.11638889,No,0,0,2026-05-28 06:00:00,61.048
467,467,NH15 Crossing Fakirpara Tangni,Assam,18,Assam,283,DARRANG,-,-,-,-,-,-,-,-,-,26.50833333,92.11638889,No,0,0,2026-05-28 07:00:00,61.048
468,468,NH15 Crossing Fakirpara Tangni,Assam,18,Assam,283,DARRANG,-,-,-,-,-,-,-,-,-,26.50833333,92.11638889,No,0,0,2026-05-28 08:00:00,61.046
469,469,NH15 Crossing Fakirpara Tangni,Assam,18,Assam,283,DARRANG,-,-,-,-,-,-,-,-,-,26.50833333,92.11638889,No,0,0,2026-05-28 09:00:00,61.052
470,470,NH15 Crossing Fakirpara Tangni,Assam,18,Assam,283,DARRANG,-,-,-,-,-,-,-,-,-,26.50833333,92.11638889,No,0,0,2026-05-28 10:00:00,61.06
471,471,NH15 Crossing Fakirpara Tangni,Assam,18,Assam,283,DARRANG,-,-,-,-,-,-,-,-,-,26.50833333,92.11638889,No,0,0,2026-05-28 11:00:00,61.065
472,472,NH15 Crossing Fakirpara Tangni,Assam,18,Assam,283,DARRANG,-,-,-,-,-,-,-,-,-,26.50833333,92.11638889,No,0,0,2026-05-28 12:00:00,61.073
473,473,NH15 Crossing Fakirpara Tangni,Assam,18,Assam,283,DARRANG,-,-,-,-,-,-,-,-,-,26.50833333,92.11638889,No,0,0,2026-05-28 13:00:00,61.074
474,474,NH15 Crossing Fakirpara Tangni,Assam,18,Assam,283,DARRANG,-,-,-,-,-,-,-,-,-,26.50833333,92.11638889,No,0,0,2026-05-28 14:00:00,61.075
475,475,NH15 Crossing Fakirpara Tangni,Assam,18,Assam,283,DARRANG,-,-,-,-,-,-,-,-,-,26.50833333,92.11638889,No,0,0,2026-05-28 15:00:00,61.071
476,476,NH15 Crossing Fakirpara Tangni,Assam,18,Assam,283,DARRANG,-,-,-,-,-,-,-,-,-,26.50833333,92.11638889,No,0,0,2026-05-28 16:00:00,61.065
477,477,NH15 Crossing Fakirpara Tangni,Assam,18,Assam,283,DARRANG,-,-,-,-,-,-,-,-,-,26.50833333,92.11638889,No,0,0,2026-05-28 17:00:00,61.068
478,478,NH15 Crossing Fakirpara Tangni,Assam,18,Assam,283,DARRANG,-,-,-,-,-,-,-,-,-,26.50833333,92.11638889,No,0,0,2026-05-28 18:00:00,61.066
479,479,NH15 Crossing Fakirpara Tangni,Assam,18,Assam,283,DARRANG,-,-,-,-,-,-,-,-,-,26.50833333,92.11638889,No,0,0,2026-05-28 19:00:00,61.061
480,480,NH15 Crossing Fakirpara Tangni,Assam,18,Assam,283,DARRANG,-,-,-,-,-,-,-,-,-,26.50833333,92.11638889,No,0,0,2026-05-28 20:00:00,61.054
481,481,NH15 Crossing Fakirpara Tangni,Assam,18,Assam,283,DARRANG,-,-,-,-,-,-,-,-,-,26.50833333,92.11638889,No,0,0,2026-05-28 21:00:00,61.053
482,482,NH15 Crossing Fakirpara Tangni,Assam,18,Assam,283,DARRANG,-,-,-,-,-,-,-,-,-,26.50833333,92.11638889,No,0,0,2026-05-28 22:00:00,61.049
483,483,NH15 Crossing Fakirpara Tangni,Assam,18,Assam,283,DARRANG,-,-,-,-,-,-,-,-,-,26.50833333,92.11638889,No,0,0,2026-05-28 23:00:00,61.047
484,484,NH15 Crossing Fakirpara Tangni,Assam,18,Assam,283,DARRANG,-,-,-,-,-,-,-,-,-,26.50833333,92.11638889,No,0,0,2026-05-29 00:00:00,61.047
485,485,NH15 Crossing Fakirpara Tangni,Assam,18,Assam,283,DARRANG,-,-,-,-,-,-,-,-,-,26.50833333,92.11638889,No,0,0,2026-05-29 01:00:00,61.047
486,486,NH15 Crossing Fakirpara Tangni,Assam,18,Assam,283,DARRANG,-,-,-,-,-,-,-,-,-,26.50833333,92.11638889,No,0,0,2026-05-29 02:00:00,61.046
487,487,NH15 Crossing Fakirpara Tangni,Assam,18,Assam,283,DARRANG,-,-,-,-,-,-,-,-,-,26.50833333,92.11638889,No,0,0,2026-05-29 03:00:00,61.046
488,488,NH15 Crossing Fakirpara Tangni,Assam,18,Assam,283,DARRANG,-,-,-,-,-,-,-,-,-,26.50833333,92.11638889,No,0,0,2026-05-29 04:00:00,61.05
489,489,NH15 Crossing Fakirpara Tangni,Assam,18,Assam,283,DARRANG,-,-,-,-,-,-,-,-,-,26.50833333,92.11638889,No,0,0,2026-05-29 05:00:00,61.051
490,490,NH15 Crossing Fakirpara Tangni,Assam,18,Assam,283,DARRANG,-,-,-,-,-,-,-,-,-,26.50833333,92.11638889,No,0,0,2026-05-29 06:00:00,61.06
491,491,NH15 Crossing Fakirpara Tangni,Assam,18,Assam,283,DARRANG,-,-,-,-,-,-,-,-,-,26.50833333,92.11638889,No,0,0,2026-05-29 07:00:00,61.076
492,492,NH15 Crossing Fakirpara Tangni,Assam,18,Assam,283,DARRANG,-,-,-,-,-,-,-,-,-,26.50833333,92.11638889,No,0,0,2026-05-29 08:00:00,61.09
493,493,NH15 Crossing Fakirpara Tangni,Assam,18,Assam,283,DARRANG,-,-,-,-,-,-,-,-,-,26.50833333,92.11638889,No,0,0,2026-05-29 09:00:00,61.101
494,494,NH15 Crossing Fakirpara Tangni,Assam,18,Assam,283,DARRANG,-,-,-,-,-,-,-,-,-,26.50833333,92.11638889,No,0,0,2026-05-29 10:00:00,61.101
495,495,NH15 Crossing Fakirpara Tangni,Assam,18,Assam,283,DARRANG,-,-,-,-,-,-,-,-,-,26.50833333,92.11638889,No,0,0,2026-05-29 11:00:00,61.1
496,496,NH15 Crossing Fakirpara Tangni,Assam,18,Assam,283,DARRANG,-,-,-,-,-,-,-,-,-,26.50833333,92.11638889,No,0,0,2026-05-29 12:00:00,61.1
497,497,NH15 Crossing Fakirpara Tangni,Assam,18,Assam,283,DARRANG,-,-,-,-,-,-,-,-,-,26.50833333,92.11638889,No,0,0,2026-05-29 13:00:00,61.097
498,498,NH15 Crossing Fakirpara Tangni,Assam,18,Assam,283,DARRANG,-,-,-,-,-,-,-,-,-,26.50833333,92.11638889,No,0,0,2026-05-29 14:00:00,61.103
499,499,NH15 Crossing Fakirpara Tangni,Assam,18,Assam,283,DARRANG,-,-,-,-,-,-,-,-,-,26.50833333,92.11638889,No,0,0,2026-05-29 15:00:00,61.108
500,500,NH15 Crossing Fakirpara Tangni,Assam,18,Assam,283,DARRANG,-,-,-,-,-,-,-,-,-,26.50833333,92.11638889,No,0,0,2026-05-29 16:00:00,61.1
501,501,NH15 Crossing Fakirpara Tangni,Assam,18,Assam,283,DARRANG,-,-,-,-,-,-,-,-,-,26.50833333,92.11638889,No,0,0,2026-05-29 17:00:00,61.104
502,502,NH15 Crossing Fakirpara Tangni,Assam,18,Assam,283,DARRANG,-,-,-,-,-,-,-,-,-,26.50833333,92.11638889,No,0,0,2026-05-29 18:00:00,61.102
503,503,NH15 Crossing Fakirpara Tangni,Assam,18,Assam,283,DARRANG,-,-,-,-,-,-,-,-,-,26.50833333,92.11638889,No,0,0,2026-05-29 19:00:00,61.095
504,504,NH15 Crossing Fakirpara Tangni,Assam,18,Assam,283,DARRANG,-,-,-,-,-,-,-,-,-,26.50833333,92.11638889,No,0,0,2026-05-29 20:00:00,61.09
505,505,NH15 Crossing Fakirpara Tangni,Assam,18,Assam,283,DARRANG,-,-,-,-,-,-,-,-,-,26.50833333,92.11638889,No,0,0,2026-05-29 21:00:00,61.081
506,506,NH15 Crossing Fakirpara Tangni,Assam,18,Assam,283,DARRANG,-,-,-,-,-,-,-,-,-,26.50833333,92.11638889,No,0,0,2026-05-29 22:00:00,61.073
507,507,NH15 Crossing Fakirpara Tangni,Assam,18,Assam,283,DARRANG,-,-,-,-,-,-,-,-,-,26.50833333,92.11638889,No,0,0,2026-05-29 23:00:00,61.065
508,508,NH15 Crossing Fakirpara Tangni,Assam,18,Assam,283,DARRANG,-,-,-,-,-,-,-,-,-,26.50833333,92.11638889,No,0,0,2026-05-30 00:00:00,61.057
509,509,NH15 Crossing Fakirpara Tangni,Assam,18,Assam,283,DARRANG,-,-,-,-,-,-,-,-,-,26.50833333,92.11638889,No,0,0,2026-05-30 01:00:00,61.052
510,510,NH15 Crossing Fakirpara Tangni,Assam,18,Assam,283,DARRANG,-,-,-,-,-,-,-,-,-,26.50833333,92.11638889,No,0,0,2026-05-30 02:00:00,61.046
511,511,NH15 Crossing Fakirpara Tangni,Assam,18,Assam,283,DARRANG,-,-,-,-,-,-,-,-,-,26.50833333,92.11638889,No,0,0,2026-05-30 03:00:00,61.045
512,512,NH15 Crossing Fakirpara Tangni,Assam,18,Assam,283,DARRANG,-,-,-,-,-,-,-,-,-,26.50833333,92.11638889,No,0,0,2026-05-30 04:00:00,61.04
513,513,NH15 Crossing Fakirpara Tangni,Assam,18,Assam,283,DARRANG,-,-,-,-,-,-,-,-,-,26.50833333,92.11638889,No,0,0,2026-05-30 05:00:00,61.037
514,514,NH15 Crossing Fakirpara Tangni,Assam,18,Assam,283,DARRANG,-,-,-,-,-,-,-,-,-,26.50833333,92.11638889,No,0,0,2026-05-30 06:00:00,61.038
515,515,NH15 Crossing Fakirpara Tangni,Assam,18,Assam,283,DARRANG,-,-,-,-,-,-,-,-,-,26.50833333,92.11638889,No,0,0,2026-05-30 07:00:00,61.045
516,516,NH15 Crossing Fakirpara Tangni,Assam,18,Assam,283,DARRANG,-,-,-,-,-,-,-,-,-,26.50833333,92.11638889,No,0,0,2026-05-30 08:00:00,61.051
517,517,NH15 Crossing Fakirpara Tangni,Assam,18,Assam,283,DARRANG,-,-,-,-,-,-,-,-,-,26.50833333,92.11638889,No,0,0,2026-05-30 09:00:00,61.049
518,518,NH15 Crossing Fakirpara Tangni,Assam,18,Assam,283,DARRANG,-,-,-,-,-,-,-,-,-,26.50833333,92.11638889,No,0,0,2026-05-30 10:00:00,61.046
519,519,NH15 Crossing Fakirpara Tangni,Assam,18,Assam,283,DARRANG,-,-,-,-,-,-,-,-,-,26.50833333,92.11638889,No,0,0,2026-05-30 11:00:00,61.044
520,520,NH15 Crossing Fakirpara Tangni,Assam,18,Assam,283,DARRANG,-,-,-,-,-,-,-,-,-,26.50833333,92.11638889,No,0,0,2026-05-30 12:00:00,61.035
521,521,NH15 Crossing Fakirpara Tangni,Assam,18,Assam,283,DARRANG,-,-,-,-,-,-,-,-,-,26.50833333,92.11638889,No,0,0,2026-05-30 13:00:00,61.03
522,522,NH15 Crossing Fakirpara Tangni,Assam,18,Assam,283,DARRANG,-,-,-,-,-,-,-,-,-,26.50833333,92.11638889,No,0,0,2026-05-30 14:00:00,61.025
523,523,NH15 Crossing Fakirpara Tangni,Assam,18,Assam,283,DARRANG,-,-,-,-,-,-,-,-,-,26.50833333,92.11638889,No,0,0,2026-05-30 15:00:00,61.021
524,524,NH15 Crossing Fakirpara Tangni,Assam,18,Assam,283,DARRANG,-,-,-,-,-,-,-,-,-,26.50833333,92.11638889,No,0,0,2026-05-30 16:00:00,61.012
525,525,NH15 Crossing Fakirpara Tangni,Assam,18,Assam,283,DARRANG,-,-,-,-,-,-,-,-,-,26.50833333,92.11638889,No,0,0,2026-05-30 17:00:00,61.004
526,526,NH15 Crossing Fakirpara Tangni,Assam,18,Assam,283,DARRANG,-,-,-,-,-,-,-,-,-,26.50833333,92.11638889,No,0,0,2026-05-30 18:00:00,61.0
527,527,NH15 Crossing Fakirpara Tangni,Assam,18,Assam,283,DARRANG,-,-,-,-,-,-,-,-,-,26.50833333,92.11638889,No,0,0,2026-05-30 19:00:00,61.0
528,528,NH15 Crossing Fakirpara Tangni,Assam,18,Assam,283,DARRANG,-,-,-,-,-,-,-,-,-,26.50833333,92.11638889,No,0,0,2026-05-30 20:00:00,60.996
529,529,NH15 Crossing Fakirpara Tangni,Assam,18,Assam,283,DARRANG,-,-,-,-,-,-,-,-,-,26.50833333,92.11638889,No,0,0,2026-05-30 21:00:00,60.991
530,530,NH15 Crossing Fakirpara Tangni,Assam,18,Assam,283,DARRANG,-,-,-,-,-,-,-,-,-,26.50833333,92.11638889,No,0,0,2026-05-30 22:00:00,60.987
531,531,NH15 Crossing Fakirpara Tangni,Assam,18,Assam,283,DARRANG,-,-,-,-,-,-,-,-,-,26.50833333,92.11638889,No,0,0,2026-05-30 23:00:00,60.984
532,532,NH15 Crossing Fakirpara Tangni,Assam,18,Assam,283,DARRANG,-,-,-,-,-,-,-,-,-,26.50833333,92.11638889,No,0,0,2026-05-31 00:00:00,60.984
533,533,NH15 Crossing Fakirpara Tangni,Assam,18,Assam,283,DARRANG,-,-,-,-,-,-,-,-,-,26.50833333,92.11638889,No,0,0,2026-05-31 01:00:00,60.982
534,534,NH15 Crossing Fakirpara Tangni,Assam,18,Assam,283,DARRANG,-,-,-,-,-,-,-,-,-,26.50833333,92.11638889,No,0,0,2026-05-31 02:00:00,60.98
535,535,NH15 Crossing Fakirpara Tangni,Assam,18,Assam,283,DARRANG,-,-,-,-,-,-,-,-,-,26.50833333,92.11638889,No,0,0,2026-05-31 03:00:00,60.979
536,536,NH15 Crossing Fakirpara Tangni,Assam,18,Assam,283,DARRANG,-,-,-,-,-,-,-,-,-,26.50833333,92.11638889,No,0,0,2026-05-31 04:00:00,60.977
537,537,NH15 Crossing Fakirpara Tangni,Assam,18,Assam,283,DARRANG,-,-,-,-,-,-,-,-,-,26.50833333,92.11638889,No,0,0,2026-05-31 05:00:00,60.976
538,538,NH15 Crossing Fakirpara Tangni,Assam,18,Assam,283,DARRANG,-,-,-,-,-,-,-,-,-,26.50833333,92.11638889,No,0,0,2026-05-31 06:00:00,60.978
539,539,NH15 Crossing Fakirpara Tangni,Assam,18,Assam,283,DARRANG,-,-,-,-,-,-,-,-,-,26.50833333,92.11638889,No,0,0,2026-05-31 07:00:00,60.984
540,540,NH15 Crossing Fakirpara Tangni,Assam,18,Assam,283,DARRANG,-,-,-,-,-,-,-,-,-,26.50833333,92.11638889,No,0,0,2026-05-31 08:00:00,60.987
541,541,NH15 Crossing Fakirpara Tangni,Assam,18,Assam,283,DARRANG,-,-,-,-,-,-,-,-,-,26.50833333,92.11638889,No,0,0,2026-05-31 09:00:00,60.973
542,542,NH15 Crossing Fakirpara Tangni,Assam,18,Assam,283,DARRANG,-,-,-,-,-,-,-,-,-,26.50833333,92.11638889,No,0,0,2026-05-31 10:00:00,60.967
543,543,NH15 Crossing Fakirpara Tangni,Assam,18,Assam,283,DARRANG,-,-,-,-,-,-,-,-,-,26.50833333,92.11638889,No,0,0,2026-05-31 11:00:00,60.97
544,544,NH15 Crossing Fakirpara Tangni,Assam,18,Assam,283,DARRANG,-,-,-,-,-,-,-,-,-,26.50833333,92.11638889,No,0,0,2026-05-31 12:00:00,60.982
545,545,NH15 Crossing Fakirpara Tangni,Assam,18,Assam,283,DARRANG,-,-,-,-,-,-,-,-,-,26.50833333,92.11638889,No,0,0,2026-05-31 13:00:00,60.982
546,546,NH15 Crossing Fakirpara Tangni,Assam,18,Assam,283,DARRANG,-,-,-,-,-,-,-,-,-,26.50833333,92.11638889,No,0,0,2026-05-31 14:00:00,60.985
547,547,NH15 Crossing Fakirpara Tangni,Assam,18,Assam,283,DARRANG,-,-,-,-,-,-,-,-,-,26.50833333,92.11638889,No,0,0,2026-05-31 15:00:00,60.985
548,548,NH15 Crossing Fakirpara Tangni,Assam,18,Assam,283,DARRANG,-,-,-,-,-,-,-,-,-,26.50833333,92.11638889,No,0,0,2026-05-31 16:00:00,60.979
549,549,NH15 Crossing Fakirpara Tangni,Assam,18,Assam,283,DARRANG,-,-,-,-,-,-,-,-,-,26.50833333,92.11638889,No,0,0,2026-05-31 17:00:00,60.97
550,550,NH15 Crossing Fakirpara Tangni,Assam,18,Assam,283,DARRANG,-,-,-,-,-,-,-,-,-,26.50833333,92.11638889,No,0,0,2026-05-31 18:00:00,60.967
551,551,NH15 Crossing Fakirpara Tangni,Assam,18,Assam,283,DARRANG,-,-,-,-,-,-,-,-,-,26.50833333,92.11638889,No,0,0,2026-05-31 19:00:00,60.96
552,552,NH15 Crossing Fakirpara Tangni,Assam,18,Assam,283,DARRANG,-,-,-,-,-,-,-,-,-,26.50833333,92.11638889,No,0,0,2026-05-31 20:00:00,60.953
553,553,NH15 Crossing Fakirpara Tangni,Assam,18,Assam,283,DARRANG,-,-,-,-,-,-,-,-,-,26.50833333,92.11638889,No,0,0,2026-05-31 21:00:00,60.952
554,554,NH15 Crossing Fakirpara Tangni,Assam,18,Assam,283,DARRANG,-,-,-,-,-,-,-,-,-,26.50833333,92.11638889,No,0,0,2026-05-31 22:00:00,60.949
555,555,NH15 Crossing Fakirpara Tangni,Assam,18,Assam,283,DARRANG,-,-,-,-,-,-,-,-,-,26.50833333,92.11638889,No,0,0,2026-05-31 23:00:00,60.946
1,1,NH15 Crossing Fakirpara Tangni,Assam,18,Assam,283,DARRANG,-,-,-,-,-,-,-,-,-,26.50833333,92.11638889,No,0,0,2026-07-05 20:00:00,60.937
2,2,NH15 Crossing Fakirpara Tangni,Assam,18,Assam,283,DARRANG,-,-,-,-,-,-,-,-,-,26.50833333,92.11638889,No,0,0,2026-07-05 21:00:00,60.941
3,3,NH15 Crossing Fakirpara Tangni,Assam,18,Assam,283,DARRANG,-,-,-,-,-,-,-,-,-,26.50833333,92.11638889,No,0,0,2026-07-05 22:00:00,60.94
4,4,NH15 Crossing Fakirpara Tangni,Assam,18,Assam,283,DARRANG,-,-,-,-,-,-,-,-,-,26.50833333,92.11638889,No,0,0,2026-07-05 23:00:00,60.94
5,5,NH15 Crossing Fakirpara Tangni,Assam,18,Assam,283,DARRANG,-,-,-,-,-,-,-,-,-,26.50833333,92.11638889,No,0,0,2026-08-05 00:00:00,60.938
6,6,NH15 Crossing Fakirpara Tangni,Assam,18,Assam,283,DARRANG,-,-,-,-,-,-,-,-,-,26.50833333,92.11638889,No,0,0,2026-08-05 01:00:00,60.936
7,7,NH15 Crossing Fakirpara Tangni,Assam,18,Assam,283,DARRANG,-,-,-,-,-,-,-,-,-,26.50833333,92.11638889,No,0,0,2026-08-05 02:00:00,60.934
8,8,NH15 Crossing Fakirpara Tangni,Assam,18,Assam,283,DARRANG,-,-,-,-,-,-,-,-,-,26.50833333,92.11638889,No,0,0,2026-08-05 03:00:00,60.932
9,9,NH15 Crossing Fakirpara Tangni,Assam,18,Assam,283,DARRANG,-,-,-,-,-,-,-,-,-,26.50833333,92.11638889,No,0,0,2026-08-05 04:00:00,60.928
10,10,NH15 Crossing Fakirpara Tangni,Assam,18,Assam,283,DARRANG,-,-,-,-,-,-,-,-,-,26.50833333,92.11638889,No,0,0,2026-08-05 05:00:00,60.925
11,11,NH15 Crossing Fakirpara Tangni,Assam,18,Assam,283,DARRANG,-,-,-,-,-,-,-,-,-,26.50833333,92.11638889,No,0,0,2026-08-05 06:00:00,60.926
12,12,NH15 Crossing Fakirpara Tangni,Assam,18,Assam,283,DARRANG,-,-,-,-,-,-,-,-,-,26.50833333,92.11638889,No,0,0,2026-08-05 07:00:00,60.933
13,13,NH15 Crossing Fakirpara Tangni,Assam,18,Assam,283,DARRANG,-,-,-,-,-,-,-,-,-,26.50833333,92.11638889,No,0,0,2026-08-05 08:00:00,60.938
14,14,NH15 Crossing Fakirpara Tangni,Assam,18,Assam,283,DARRANG,-,-,-,-,-,-,-,-,-,26.50833333,92.11638889,No,0,0,2026-08-05 09:00:00,60.946
15,15,NH15 Crossing Fakirpara Tangni,Assam,18,Assam,283,DARRANG,-,-,-,-,-,-,-,-,-,26.50833333,92.11638889,No,0,0,2026-08-05 10:00:00,60.948
16,16,NH15 Crossing Fakirpara Tangni,Assam,18,Assam,283,DARRANG,-,-,-,-,-,-,-,-,-,26.50833333,92.11638889,No,0,0,2026-08-05 11:00:00,60.949
17,17,NH15 Crossing Fakirpara Tangni,Assam,18,Assam,283,DARRANG,-,-,-,-,-,-,-,-,-,26.50833333,92.11638889,No,0,0,2026-08-05 12:00:00,60.945
18,18,NH15 Crossing Fakirpara Tangni,Assam,18,Assam,283,DARRANG,-,-,-,-,-,-,-,-,-,26.50833333,92.11638889,No,0,0,2026-08-05 13:00:00,60.942
19,19,NH15 Crossing Fakirpara Tangni,Assam,18,Assam,283,DARRANG,-,-,-,-,-,-,-,-,-,26.50833333,92.11638889,No,0,0,2026-08-05 14:00:00,60.939
20,20,NH15 Crossing Fakirpara Tangni,Assam,18,Assam,283,DARRANG,-,-,-,-,-,-,-,-,-,26.50833333,92.11638889,No,0,0,2026-08-05 15:00:00,60.939
21,21,NH15 Crossing Fakirpara Tangni,Assam,18,Assam,283,DARRANG,-,-,-,-,-,-,-,-,-,26.50833333,92.11638889,No,0,0,2026-08-05 16:00:00,60.928
22,22,NH15 Crossing Fakirpara Tangni,Assam,18,Assam,283,DARRANG,-,-,-,-,-,-,-,-,-,26.50833333,92.11638889,No,0,0,2026-08-05 17:00:00,60.925
23,23,NH15 Crossing Fakirpara Tangni,Assam,18,Assam,283,DARRANG,-,-,-,-,-,-,-,-,-,26.50833333,92.11638889,No,0,0,2026-08-05 18:00:00,60.923
24,24,NH15 Crossing Fakirpara Tangni,Assam,18,Assam,283,DARRANG,-,-,-,-,-,-,-,-,-,26.50833333,92.11638889,No,0,0,2026-08-05 19:00:00,60.921
25,25,NH15 Crossing Fakirpara Tangni,Assam,18,Assam,283,DARRANG,-,-,-,-,-,-,-,-,-,26.50833333,92.11638889,No,0,0,2026-08-05 20:00:00,60.916
26,26,NH15 Crossing Fakirpara Tangni,Assam,18,Assam,283,DARRANG,-,-,-,-,-,-,-,-,-,26.50833333,92.11638889,No,0,0,2026-08-05 21:00:00,60.911
27,27,NH15 Crossing Fakirpara Tangni,Assam,18,Assam,283,DARRANG,-,-,-,-,-,-,-,-,-,26.50833333,92.11638889,No,0,0,2026-08-05 22:00:00,60.91
28,28,NH15 Crossing Fakirpara Tangni,Assam,18,Assam,283,DARRANG,-,-,-,-,-,-,-,-,-,26.50833333,92.11638889,No,0,0,2026-08-05 23:00:00,60.908
29,29,NH15 Crossing Fakirpara Tangni,Assam,18,Assam,283,DARRANG,-,-,-,-,-,-,-,-,-,26.50833333,92.11638889,No,0,0,2026-09-05 00:00:00,60.908
30,30,NH15 Crossing Fakirpara Tangni,Assam,18,Assam,283,DARRANG,-,-,-,-,-,-,-,-,-,26.50833333,92.11638889,No,0,0,2026-09-05 01:00:00,60.907
31,31,NH15 Crossing Fakirpara Tangni,Assam,18,Assam,283,DARRANG,-,-,-,-,-,-,-,-,-,26.50833333,92.11638889,No,0,0,2026-09-05 02:00:00,60.906
32,32,NH15 Crossing Fakirpara Tangni,Assam,18,Assam,283,DARRANG,-,-,-,-,-,-,-,-,-,26.50833333,92.11638889,No,0,0,2026-09-05 03:00:00,60.905
33,33,NH15 Crossing Fakirpara Tangni,Assam,18,Assam,283,DARRANG,-,-,-,-,-,-,-,-,-,26.50833333,92.11638889,No,0,0,2026-09-05 04:00:00,60.904
34,34,NH15 Crossing Fakirpara Tangni,Assam,18,Assam,283,DARRANG,-,-,-,-,-,-,-,-,-,26.50833333,92.11638889,No,0,0,2026-09-05 05:00:00,60.903
35,35,NH15 Crossing Fakirpara Tangni,Assam,18,Assam,283,DARRANG,-,-,-,-,-,-,-,-,-,26.50833333,92.11638889,No,0,0,2026-09-05 06:00:00,60.907
36,36,NH15 Crossing Fakirpara Tangni,Assam,18,Assam,283,DARRANG,-,-,-,-,-,-,-,-,-,26.50833333,92.11638889,No,0,0,2026-09-05 07:00:00,60.913
37,37,NH15 Crossing Fakirpara Tangni,Assam,18,Assam,283,DARRANG,-,-,-,-,-,-,-,-,-,26.50833333,92.11638889,No,0,0,2026-09-05 08:00:00,60.919
38,38,NH15 Crossing Fakirpara Tangni,Assam,18,Assam,283,DARRANG,-,-,-,-,-,-,-,-,-,26.50833333,92.11638889,No,0,0,2026-09-05 09:00:00,60.924
39,39,NH15 Crossing Fakirpara Tangni,Assam,18,Assam,283,DARRANG,-,-,-,-,-,-,-,-,-,26.50833333,92.11638889,No,0,0,2026-09-05 10:00:00,60.927
40,40,NH15 Crossing Fakirpara Tangni,Assam,18,Assam,283,DARRANG,-,-,-,-,-,-,-,-,-,26.50833333,92.11638889,No,0,0,2026-09-05 11:00:00,60.933
41,41,NH15 Crossing Fakirpara Tangni,Assam,18,Assam,283,DARRANG,-,-,-,-,-,-,-,-,-,26.50833333,92.11638889,No,0,0,2026-09-05 12:00:00,60.927
42,42,NH15 Crossing Fakirpara Tangni,Assam,18,Assam,283,DARRANG,-,-,-,-,-,-,-,-,-,26.50833333,92.11638889,No,0,0,2026-09-05 13:00:00,60.929
43,43,NH15 Crossing Fakirpara Tangni,Assam,18,Assam,283,DARRANG,-,-,-,-,-,-,-,-,-,26.50833333,92.11638889,No,0,0,2026-09-05 14:00:00,60.928
44,44,NH15 Crossing Fakirpara Tangni,Assam,18,Assam,283,DARRANG,-,-,-,-,-,-,-,-,-,26.50833333,92.11638889,No,0,0,2026-09-05 15:00:00,60.941
45,45,NH15 Crossing Fakirpara Tangni,Assam,18,Assam,283,DARRANG,-,-,-,-,-,-,-,-,-,26.50833333,92.11638889,No,0,0,2026-09-05 16:00:00,60.934
46,46,NH15 Crossing Fakirpara Tangni,Assam,18,Assam,283,DARRANG,-,-,-,-,-,-,-,-,-,26.50833333,92.11638889,No,0,0,2026-09-05 17:00:00,60.934
47,47,NH15 Crossing Fakirpara Tangni,Assam,18,Assam,283,DARRANG,-,-,-,-,-,-,-,-,-,26.50833333,92.11638889,No,0,0,2026-09-05 18:00:00,60.928
48,48,NH15 Crossing Fakirpara Tangni,Assam,18,Assam,283,DARRANG,-,-,-,-,-,-,-,-,-,26.50833333,92.11638889,No,0,0,2026-09-05 19:00:00,60.921
49,49,NH15 Crossing Fakirpara Tangni,Assam,18,Assam,283,DARRANG,-,-,-,-,-,-,-,-,-,26.50833333,92.11638889,No,0,0,2026-09-05 20:00:00,60.921
50,50,NH15 Crossing Fakirpara Tangni,Assam,18,Assam,283,DARRANG,-,-,-,-,-,-,-,-,-,26.50833333,92.11638889,No,0,0,2026-09-05 21:00:00,60.918
51,51,NH15 Crossing Fakirpara Tangni,Assam,18,Assam,283,DARRANG,-,-,-,-,-,-,-,-,-,26.50833333,92.11638889,No,0,0,2026-09-05 22:00:00,60.916
52,52,NH15 Crossing Fakirpara Tangni,Assam,18,Assam,283,DARRANG,-,-,-,-,-,-,-,-,-,26.50833333,92.11638889,No,0,0,2026-09-05 23:00:00,60.913
53,53,NH15 Crossing Fakirpara Tangni,Assam,18,Assam,283,DARRANG,-,-,-,-,-,-,-,-,-,26.50833333,92.11638889,No,0,0,2026-10-05 00:00:00,60.912
54,54,NH15 Crossing Fakirpara Tangni,Assam,18,Assam,283,DARRANG,-,-,-,-,-,-,-,-,-,26.50833333,92.11638889,No,0,0,2026-10-05 01:00:00,60.912
55,55,NH15 Crossing Fakirpara Tangni,Assam,18,Assam,283,DARRANG,-,-,-,-,-,-,-,-,-,26.50833333,92.11638889,No,0,0,2026-10-05 02:00:00,60.91
56,56,NH15 Crossing Fakirpara Tangni,Assam,18,Assam,283,DARRANG,-,-,-,-,-,-,-,-,-,26.50833333,92.11638889,No,0,0,2026-10-05 03:00:00,60.91
57,57,NH15 Crossing Fakirpara Tangni,Assam,18,Assam,283,DARRANG,-,-,-,-,-,-,-,-,-,26.50833333,92.11638889,No,0,0,2026-10-05 04:00:00,60.91
58,58,NH15 Crossing Fakirpara Tangni,Assam,18,Assam,283,DARRANG,-,-,-,-,-,-,-,-,-,26.50833333,92.11638889,No,0,0,2026-10-05 05:00:00,60.909
59,59,NH15 Crossing Fakirpara Tangni,Assam,18,Assam,283,DARRANG,-,-,-,-,-,-,-,-,-,26.50833333,92.11638889,No,0,0,2026-10-05 06:00:00,60.913
60,60,NH15 Crossing Fakirpara Tangni,Assam,18,Assam,283,DARRANG,-,-,-,-,-,-,-,-,-,26.50833333,92.11638889,No,0,0,2026-10-05 07:00:00,60.92
61,61,NH15 Crossing Fakirpara Tangni,Assam,18,Assam,283,DARRANG,-,-,-,-,-,-,-,-,-,26.50833333,92.11638889,No,0,0,2026-10-05 08:00:00,60.928
62,62,NH15 Crossing Fakirpara Tangni,Assam,18,Assam,283,DARRANG,-,-,-,-,-,-,-,-,-,26.50833333,92.11638889,No,0,0,2026-10-05 09:00:00,60.934
63,63,NH15 Crossing Fakirpara Tangni,Assam,18,Assam,283,DARRANG,-,-,-,-,-,-,-,-,-,26.50833333,92.11638889,No,0,0,2026-10-05 10:00:00,60.934
64,64,NH15 Crossing Fakirpara Tangni,Assam,18,Assam,283,DARRANG,-,-,-,-,-,-,-,-,-,26.50833333,92.11638889,No,0,0,2026-10-05 11:00:00,60.937
65,65,NH15 Crossing Fakirpara Tangni,Assam,18,Assam,283,DARRANG,-,-,-,-,-,-,-,-,-,26.50833333,92.11638889,No,0,0,2026-10-05 12:00:00,60.929
66,66,NH15 Crossing Fakirpara Tangni,Assam,18,Assam,283,DARRANG,-,-,-,-,-,-,-,-,-,26.50833333,92.11638889,No,0,0,2026-10-05 13:00:00,60.935
67,67,NH15 Crossing Fakirpara Tangni,Assam,18,Assam,283,DARRANG,-,-,-,-,-,-,-,-,-,26.50833333,92.11638889,No,0,0,2026-10-05 14:00:00,60.932
68,68,NH15 Crossing Fakirpara Tangni,Assam,18,Assam,283,DARRANG,-,-,-,-,-,-,-,-,-,26.50833333,92.11638889,No,0,0,2026-10-05 15:00:00,60.927
69,69,NH15 Crossing Fakirpara Tangni,Assam,18,Assam,283,DARRANG,-,-,-,-,-,-,-,-,-,26.50833333,92.11638889,No,0,0,2026-10-05 16:00:00,60.9
70,70,NH15 Crossing Fakirpara Tangni,Assam,18,Assam,283,DARRANG,-,-,-,-,-,-,-,-,-,26.50833333,92.11638889,No,0,0,2026-10-05 17:00:00,60.913
71,71,NH15 Crossing Fakirpara Tangni,Assam,18,Assam,283,DARRANG,-,-,-,-,-,-,-,-,-,26.50833333,92.11638889,No,0,0,2026-10-05 18:00:00,60.907
72,72,NH15 Crossing Fakirpara Tangni,Assam,18,Assam,283,DARRANG,-,-,-,-,-,-,-,-,-,26.50833333,92.11638889,No,0,0,2026-10-05 19:00:00,60.907
73,73,NH15 Crossing Fakirpara Tangni,Assam,18,Assam,283,DARRANG,-,-,-,-,-,-,-,-,-,26.50833333,92.11638889,No,0,0,2026-10-05 20:00:00,60.905
74,74,NH15 Crossing Fakirpara Tangni,Assam,18,Assam,283,DARRANG,-,-,-,-,-,-,-,-,-,26.50833333,92.11638889,No,0,0,2026-10-05 21:00:00,60.903
75,75,NH15 Crossing Fakirpara Tangni,Assam,18,Assam,283,DARRANG,-,-,-,-,-,-,-,-,-,26.50833333,92.11638889,No,0,0,2026-10-05 22:00:00,60.9
76,76,NH15 Crossing Fakirpara Tangni,Assam,18,Assam,283,DARRANG,-,-,-,-,-,-,-,-,-,26.50833333,92.11638889,No,0,0,2026-10-05 23:00:00,60.9
77,77,NH15 Crossing Fakirpara Tangni,Assam,18,Assam,283,DARRANG,-,-,-,-,-,-,-,-,-,26.50833333,92.11638889,No,0,0,2026-11-05 00:00:00,60.897
78,78,NH15 Crossing Fakirpara Tangni,Assam,18,Assam,283,DARRANG,-,-,-,-,-,-,-,-,-,26.50833333,92.11638889,No,0,0,2026-11-05 01:00:00,60.896
79,79,NH15 Crossing Fakirpara Tangni,Assam,18,Assam,283,DARRANG,-,-,-,-,-,-,-,-,-,26.50833333,92.11638889,No,0,0,2026-11-05 02:00:00,60.895
80,80,NH15 Crossing Fakirpara Tangni,Assam,18,Assam,283,DARRANG,-,-,-,-,-,-,-,-,-,26.50833333,92.11638889,No,0,0,2026-11-05 03:00:00,60.894
81,81,NH15 Crossing Fakirpara Tangni,Assam,18,Assam,283,DARRANG,-,-,-,-,-,-,-,-,-,26.50833333,92.11638889,No,0,0,2026-11-05 04:00:00,60.893
82,82,NH15 Crossing Fakirpara Tangni,Assam,18,Assam,283,DARRANG,-,-,-,-,-,-,-,-,-,26.50833333,92.11638889,No,0,0,2026-11-05 05:00:00,60.892
83,83,NH15 Crossing Fakirpara Tangni,Assam,18,Assam,283,DARRANG,-,-,-,-,-,-,-,-,-,26.50833333,92.11638889,No,0,0,2026-11-05 06:00:00,60.894
84,84,NH15 Crossing Fakirpara Tangni,Assam,18,Assam,283,DARRANG,-,-,-,-,-,-,-,-,-,26.50833333,92.11638889,No,0,0,2026-11-05 07:00:00,60.892
85,85,NH15 Crossing Fakirpara Tangni,Assam,18,Assam,283,DARRANG,-,-,-,-,-,-,-,-,-,26.50833333,92.11638889,No,0,0,2026-11-05 08:00:00,60.906
86,86,NH15 Crossing Fakirpara Tangni,Assam,18,Assam,283,DARRANG,-,-,-,-,-,-,-,-,-,26.50833333,92.11638889,No,0,0,2026-11-05 09:00:00,60.9
87,87,NH15 Crossing Fakirpara Tangni,Assam,18,Assam,283,DARRANG,-,-,-,-,-,-,-,-,-,26.50833333,92.11638889,No,0,0,2026-11-05 10:00:00,60.917
88,88,NH15 Crossing Fakirpara Tangni,Assam,18,Assam,283,DARRANG,-,-,-,-,-,-,-,-,-,26.50833333,92.11638889,No,0,0,2026-11-05 11:00:00,60.913
89,89,NH15 Crossing Fakirpara Tangni,Assam,18,Assam,283,DARRANG,-,-,-,-,-,-,-,-,-,26.50833333,92.11638889,No,0,0,2026-11-05 12:00:00,60.926
90,90,NH15 Crossing Fakirpara Tangni,Assam,18,Assam,283,DARRANG,-,-,-,-,-,-,-,-,-,26.50833333,92.11638889,No,0,0,2026-11-05 13:00:00,60.937
91,91,NH15 Crossing Fakirpara Tangni,Assam,18,Assam,283,DARRANG,-,-,-,-,-,-,-,-,-,26.50833333,92.11638889,No,0,0,2026-11-05 14:00:00,60.93
92,92,NH15 Crossing Fakirpara Tangni,Assam,18,Assam,283,DARRANG,-,-,-,-,-,-,-,-,-,26.50833333,92.11638889,No,0,0,2026-11-05 15:00:00,60.924
93,93,NH15 Crossing Fakirpara Tangni,Assam,18,Assam,283,DARRANG,-,-,-,-,-,-,-,-,-,26.50833333,92.11638889,No,0,0,2026-11-05 16:00:00,60.916
94,94,NH15 Crossing Fakirpara Tangni,Assam,18,Assam,283,DARRANG,-,-,-,-,-,-,-,-,-,26.50833333,92.11638889,No,0,0,2026-11-05 17:00:00,60.909
95,95,NH15 Crossing Fakirpara Tangni,Assam,18,Assam,283,DARRANG,-,-,-,-,-,-,-,-,-,26.50833333,92.11638889,No,0,0,2026-11-05 18:00:00,60.902
96,96,NH15 Crossing Fakirpara Tangni,Assam,18,Assam,283,DARRANG,-,-,-,-,-,-,-,-,-,26.50833333,92.11638889,No,0,0,2026-11-05 19:00:00,60.894
97,97,NH15 Crossing Fakirpara Tangni,Assam,18,Assam,283,DARRANG,-,-,-,-,-,-,-,-,-,26.50833333,92.11638889,No,0,0,2026-11-05 20:00:00,60.89
98,98,NH15 Crossing Fakirpara Tangni,Assam,18,Assam,283,DARRANG,-,-,-,-,-,-,-,-,-,26.50833333,92.11638889,No,0,0,2026-11-05 21:00:00,60.89
99,99,NH15 Crossing Fakirpara Tangni,Assam,18,Assam,283,DARRANG,-,-,-,-,-,-,-,-,-,26.50833333,92.11638889,No,0,0,2026-11-05 22:00:00,60.888
100,100,NH15 Crossing Fakirpara Tangni,Assam,18,Assam,283,DARRANG,-,-,-,-,-,-,-,-,-,26.50833333,92.11638889,No,0,0,2026-11-05 23:00:00,60.885
101,101,NH15 Crossing Fakirpara Tangni,Assam,18,Assam,283,DARRANG,-,-,-,-,-,-,-,-,-,26.50833333,92.11638889,No,0,0,2026-12-05 00:00:00,60.883
102,102,NH15 Crossing Fakirpara Tangni,Assam,18,Assam,283,DARRANG,-,-,-,-,-,-,-,-,-,26.50833333,92.11638889,No,0,0,2026-12-05 01:00:00,60.882
103,103,NH15 Crossing Fakirpara Tangni,Assam,18,Assam,283,DARRANG,-,-,-,-,-,-,-,-,-,26.50833333,92.11638889,No,0,0,2026-12-05 02:00:00,60.882
104,104,NH15 Crossing Fakirpara Tangni,Assam,18,Assam,283,DARRANG,-,-,-,-,-,-,-,-,-,26.50833333,92.11638889,No,0,0,2026-12-05 03:00:00,60.882
105,105,NH15 Crossing Fakirpara Tangni,Assam,18,Assam,283,DARRANG,-,-,-,-,-,-,-,-,-,26.50833333,92.11638889,No,0,0,2026-12-05 04:00:00,60.882
106,106,NH15 Crossing Fakirpara Tangni,Assam,18,Assam,283,DARRANG,-,-,-,-,-,-,-,-,-,26.50833333,92.11638889,No,0,0,2026-12-05 05:00:00,60.882
107,107,NH15 Crossing Fakirpara Tangni,Assam,18,Assam,283,DARRANG,-,-,-,-,-,-,-,-,-,26.50833333,92.11638889,No,0,0,2026-12-05 06:00:00,60.882
108,108,NH15 Crossing Fakirpara Tangni,Assam,18,Assam,283,DARRANG,-,-,-,-,-,-,-,-,-,26.50833333,92.11638889,No,0,0,2026-12-05 07:00:00,60.886
109,109,NH15 Crossing Fakirpara Tangni,Assam,18,Assam,283,DARRANG,-,-,-,-,-,-,-,-,-,26.50833333,92.11638889,No,0,0,2026-12-05 08:00:00,60.888
110,110,NH15 Crossing Fakirpara Tangni,Assam,18,Assam,283,DARRANG,-,-,-,-,-,-,-,-,-,26.50833333,92.11638889,No,0,0,2026-12-05 09:00:00,60.889
111,111,NH15 Crossing Fakirpara Tangni,Assam,18,Assam,283,DARRANG,-,-,-,-,-,-,-,-,-,26.50833333,92.11638889,No,0,0,2026-12-05 10:00:00,60.893
112,112,NH15 Crossing Fakirpara Tangni,Assam,18,Assam,283,DARRANG,-,-,-,-,-,-,-,-,-,26.50833333,92.11638889,No,0,0,2026-12-05 11:00:00,60.895
113,113,NH15 Crossing Fakirpara Tangni,Assam,18,Assam,283,DARRANG,-,-,-,-,-,-,-,-,-,26.50833333,92.11638889,No,0,0,2026-12-05 12:00:00,60.895
114,114,NH15 Crossing Fakirpara Tangni,Assam,18,Assam,283,DARRANG,-,-,-,-,-,-,-,-,-,26.50833333,92.11638889,No,0,0,2026-12-05 13:00:00,60.897
115,115,NH15 Crossing Fakirpara Tangni,Assam,18,Assam,283,DARRANG,-,-,-,-,-,-,-,-,-,26.50833333,92.11638889,No,0,0,2026-12-05 14:00:00,60.9
116,116,NH15 Crossing Fakirpara Tangni,Assam,18,Assam,283,DARRANG,-,-,-,-,-,-,-,-,-,26.50833333,92.11638889,No,0,0,2026-12-05 15:00:00,60.899
117,117,NH15 Crossing Fakirpara Tangni,Assam,18,Assam,283,DARRANG,-,-,-,-,-,-,-,-,-,26.50833333,92.11638889,No,0,0,2026-12-05 16:00:00,60.896
118,118,NH15 Crossing Fakirpara Tangni,Assam,18,Assam,283,DARRANG,-,-,-,-,-,-,-,-,-,26.50833333,92.11638889,No,0,0,2026-12-05 17:00:00,60.894
119,119,NH15 Crossing Fakirpara Tangni,Assam,18,Assam,283,DARRANG,-,-,-,-,-,-,-,-,-,26.50833333,92.11638889,No,0,0,2026-12-05 18:00:00,60.894
120,120,NH15 Crossing Fakirpara Tangni,Assam,18,Assam,283,DARRANG,-,-,-,-,-,-,-,-,-,26.50833333,92.11638889,No,0,0,2026-12-05 19:00:00,60.891
121,121,NH15 Crossing Fakirpara Tangni,Assam,18,Assam,283,DARRANG,-,-,-,-,-,-,-,-,-,26.50833333,92.11638889,No,0,0,2026-12-05 20:00:00,60.891
122,122,NH15 Crossing Fakirpara Tangni,Assam,18,Assam,283,DARRANG,-,-,-,-,-,-,-,-,-,26.50833333,92.11638889,No,0,0,2026-12-05 22:00:00,60.893
