Data Acquisition Time,Current_Water_Level,Month,Hour,DayOfYear,WaterLevel_Lag_1h,WaterLevel_Lag_3h,WaterLevel_Lag_6h,WaterLevel_Lag_12h,WaterLevel_Lag_24h,WaterLevel_RollingMean_6h,WaterLevel_RollingMean_12h,WaterLevel_RollingMean_24h,WaterLevel_RollingMax_24h,WaterLevel_RollingMin_24h,WaterLevel_Change_1h,WaterLevel_Change_3h,WaterLevel_Change_6h,WaterLevel_Change_12h,WaterLevel_Change_24h,High_Water_6h,rainfall_1h_sum,rainfall_3h_sum,rainfall_6h_sum,rainfall_12h_sum,rainfall_24h_sum
2022-04-10 01:00:00,1.301,4,1,100,1.302,0.62,0.6757500000000001,0.686,0.497,0.8548333333333332,0.780625,0.6720208333333333,1.302,0.469,-0.0010000000000001,0.6809999999999999,0.6252499999999999,0.6149999999999999,0.8039999999999999,0.0,0.5,0.5,0.5,1.0,1.5
2022-04-11 06:00:00,1.239,4,6,101,1.238,1.238,1.239,1.281,1.292,1.2383333333333335,1.2522916666666666,1.2676041666666666,1.289,1.238,0.0010000000000001,0.0010000000000001,0.0,-0.0419999999999998,-0.0529999999999999,0.0,0.5,0.5,0.5,0.5,0.5
2022-04-11 12:00:00,1.252,4,12,101,1.252,1.248,1.239,1.239,1.286,1.2474999999999998,1.242916666666667,1.2576666666666667,1.286,1.238,0.0,0.004,0.0129999999999999,0.0129999999999999,-0.034,0.0,0.5,0.5,0.5,1.0,1.0
2022-04-11 21:00:00,1.238,4,21,101,1.238,1.241,1.25,1.248,1.274,1.2415,1.2463333333333333,1.2452291666666666,1.274,1.238,0.0,-0.0030000000000001,-0.012,-0.01,-0.036,0.0,0.5,0.5,0.5,1.0,1.5
2022-04-12 04:00:00,1.284,4,4,102,1.284,1.286,1.238,1.247,1.238,1.277,1.2585,1.252625,1.286,1.238,0.0,-0.002,0.046,0.0369999999999999,0.046,0.0,0.5,0.5,0.5,1.0,2.0
2022-04-12 11:00:00,1.295,4,11,102,1.295,1.286,1.284,1.238,1.252,1.289,1.2868333333333333,1.2654583333333334,1.295,1.238,0.0,0.0089999999999998,0.0109999999999998,0.0569999999999999,0.0429999999999999,0.0,0.5,0.5,0.5,1.0,2.0
2022-06-12 05:00:00,1.283,6,5,163,1.284,1.285,1.252,1.26,1.256,1.2846666666666666,1.26925,1.2667916666666663,1.286,1.252,-0.0010000000000001,-0.002,0.0309999999999999,0.0229999999999999,0.0269999999999999,0.0,0.5,0.5,0.5,0.5,0.5
2022-07-06 16:00:00,0.818,7,16,187,0.832,0.85,0.8465714285714285,0.852,0.8119999999999999,0.8364999999999999,0.8407428571428571,0.8362825630252101,0.852,0.814375,-0.014,-0.032,-0.0285714285714285,-0.034,0.006,0.0,1.0,4.0,12.0,16.0,16.0
2022-07-06 19:00:00,0.8285,7,19,187,0.825,0.818,0.85,0.8431428571428571,0.819125,0.8285,0.8357285714285714,0.8365724206349205,0.852,0.818,0.0035,0.0105,-0.0214999999999999,-0.014642857142857,0.009375,0.0,1.0,2.0,6.0,18.0,18.0
2022-07-12 06:00:00,1.278,7,6,193,1.278,1.28,1.282,1.239,1.249,1.2795,1.2620833333333332,1.2553333333333334,1.282,1.237,0.0,-0.002,-0.004,0.0389999999999999,0.0289999999999999,0.0,1.0,1.0,1.0,1.0,1.0
2022-07-12 07:00:00,1.279,7,7,193,1.278,1.28,1.281,1.238,1.248,1.2791666666666666,1.2655,1.256625,1.282,1.237,0.0009999999999998,-0.0010000000000001,-0.002,0.0409999999999999,0.0309999999999999,0.0,1.0,2.0,2.0,2.0,2.0
2022-07-12 09:00:00,1.29,7,9,193,1.282,1.278,1.28,1.237,1.258,1.2811666666666668,1.2736666666666667,1.2591666666666663,1.29,1.237,0.008,0.012,0.01,0.0529999999999999,0.032,0.0,1.0,2.0,3.0,3.0,3.0
2022-07-12 12:00:00,1.294,7,12,193,1.294,1.29,1.278,1.282,1.248,1.2891666666666668,1.284333333333333,1.264375,1.296,1.237,0.0,0.004,0.016,0.012,0.046,0.0,1.0,1.0,3.0,4.0,4.0
2022-09-12 08:00:00,1.282,9,8,255,1.281,1.279,1.282,1.234,1.237,1.28,1.2688333333333333,1.2552083333333333,1.282,1.233,0.0010000000000001,0.0030000000000001,0.0,0.048,0.0449999999999999,0.0,2.0,2.0,2.0,2.0,2.0
2022-09-12 13:00:00,1.301,9,13,255,1.3,1.298,1.281,1.282,1.245,1.2955,1.28775,1.2665,1.301,1.233,0.0009999999999998,0.0029999999999998,0.02,0.0189999999999999,0.0559999999999998,0.0,64.0,64.0,66.0,66.0,66.0
2022-10-10 09:00:00,1.251,10,9,283,1.263,1.255,1.273,0.497,0.521,1.2605,1.1384999999999998,0.8214375,1.28,0.484,-0.012,-0.004,-0.022,0.7539999999999999,0.7299999999999999,0.0,1.0,1.0,1.0,1.0,1.0
2022-10-10 16:00:00,1.329,10,16,283,1.282,1.27,1.245,1.268,0.508,1.2766666666666666,1.2666666666666666,1.0426041666666666,1.329,0.484,0.0469999999999999,0.0589999999999999,0.0839999999999998,0.0609999999999999,0.821,0.0,1.0,1.0,1.0,2.0,2.0
2022-10-11 06:00:00,1.235,10,6,284,1.236,1.235,1.234,1.376,1.255,1.235,1.283,1.2847391304347826,1.378,1.234,-0.0009999999999998,0.0,0.0010000000000001,-0.1409999999999998,-0.0199999999999997,0.0,1.0,1.0,1.0,1.0,3.0
2022-10-11 07:00:00,1.235,10,7,284,1.235,1.236,1.234,1.365,1.268,1.2351666666666667,1.2711818181818182,1.2833043478260868,1.378,1.234,0.0,-0.0009999999999998,0.0010000000000001,-0.1299999999999999,-0.0329999999999999,0.0,1.0,2.0,2.0,2.0,4.0
2022-10-12 00:00:00,1.288,10,0,285,1.271,1.272,1.27,1.25,1.234,1.274,1.2732499999999998,1.25675,1.288,1.234,0.0170000000000001,0.016,0.018,0.038,0.054,0.0,3.0,3.0,3.0,3.0,5.0
2022-10-12 01:00:00,1.288,10,1,285,1.288,1.272,1.27,1.268,1.234,1.277,1.2749166666666667,1.259,1.288,1.234,0.0,0.016,0.018,0.02,0.054,0.0,1.0,4.0,4.0,4.0,6.0
2022-10-12 05:00:00,1.288,10,5,285,1.286,1.287,1.271,1.271,1.236,1.2873333333333334,1.2791666666666666,1.267625,1.288,1.235,0.002,0.0010000000000001,0.0170000000000001,0.0170000000000001,0.052,0.0,37.0,37.0,41.0,41.0,43.0
2022-10-12 06:00:00,1.288,10,6,285,1.288,1.287,1.288,1.27,1.235,1.2873333333333334,1.2806666666666666,1.2698333333333334,1.288,1.235,0.0,0.0010000000000001,0.0,0.018,0.0529999999999999,0.0,2.0,39.0,40.0,43.0,44.0
2022-10-12 08:00:00,1.291,10,8,285,1.287,1.288,1.287,1.271,1.241,1.2878333333333334,1.2837500000000002,1.2740833333333332,1.291,1.247,0.004,0.0029999999999998,0.004,0.02,0.0499999999999998,0.0,5.0,7.0,44.0,48.0,48.0
2022-10-12 09:00:00,1.296,10,9,285,1.291,1.288,1.287,1.272,1.247,1.2893333333333332,1.28575,1.276125,1.296,1.25,0.0050000000000001,0.008,0.0090000000000001,0.024,0.0489999999999999,0.0,3.0,8.0,47.0,51.0,51.0
2022-10-12 13:00:00,1.305,10,13,285,1.304,1.303,1.287,1.288,1.268,1.3003333333333331,1.29375,1.284333333333333,1.305,1.27,0.0009999999999998,0.002,0.018,0.0169999999999999,0.0369999999999999,0.0,2.0,2.0,10.0,49.0,53.0
2022-10-12 14:00:00,1.303,10,14,285,1.305,1.303,1.291,1.287,1.277,1.3023333333333331,1.2950833333333331,1.2854166666666669,1.305,1.27,-0.002,0.0,0.012,0.016,0.026,0.0,2.0,4.0,7.0,51.0,55.0
2023-03-06 10:00:00,5.763,3,10,65,5.763,5.763,5.763,5.763,5.763,5.763,5.763,5.763,5.763,5.763,0.0,0.0,0.0,0.0,0.0,0.0,7.0,7.0,7.0,7.0,7.0
2023-03-06 22:00:00,5.763,3,22,65,5.763,5.763,5.763,5.763,5.763,5.763,5.763,5.763,5.763,5.763,0.0,0.0,0.0,0.0,0.0,0.0,8.0,8.0,8.0,8.0,15.0
2023-04-04 12:00:00,5.763,4,12,94,5.763,5.763,5.763,5.763,1.264,5.763,5.763,3.608869565217392,5.763,1.254,0.0,0.0,0.0,0.0,4.499,0.0,1.0,1.0,1.0,1.0,1.0
2023-04-05 07:00:00,5.763,4,7,95,5.763,5.763,5.763,5.763,5.763,5.763,5.763,5.763,5.763,5.763,0.0,0.0,0.0,0.0,0.0,0.0,1.0,1.0,1.0,1.0,2.0
2023-05-04 05:00:00,5.763,5,5,124,5.763,5.763,1.26,1.262,1.25,5.763,4.262777777777777,2.760111111111111,5.763,1.25,0.0,0.0,4.503,4.501,4.513,0.0,1.0,1.0,1.0,1.0,1.0
2023-05-04 08:00:00,5.763,5,8,124,5.763,5.763,5.763,1.26,1.253,5.763,5.3127,3.5121111111111114,5.763,1.256,0.0,0.0,0.0,4.503,4.51,0.0,1.0,1.0,2.0,2.0,2.0
2023-05-06 13:00:00,5.763,5,13,126,5.763,5.763,5.763,5.763,5.763,5.763,5.763,5.763,5.763,5.763,0.0,0.0,0.0,0.0,0.0,0.0,1.0,1.0,1.0,1.0,1.0
2023-05-08 01:00:00,1.371,5,1,128,1.368,5.763,5.763,5.763,5.763,4.2985,5.030749999999999,5.3968750000000005,5.763,1.368,0.0029999999999998,-4.392,-4.392,-4.392,-4.392,0.0,12.0,12.0,12.0,12.0,12.0
2023-05-08 03:00:00,1.372,5,3,128,1.372,1.368,5.763,5.763,5.763,2.834833333333333,4.298916666666666,5.030958333333333,5.763,1.368,0.0,0.004,-4.391,-4.391,-4.391,0.0,1.0,13.0,13.0,13.0,13.0
2023-05-08 06:00:00,1.362,5,6,128,1.367,1.372,1.368,5.763,5.763,1.3693333333333335,3.1999166666666667,4.481458333333333,5.763,1.362,-0.0049999999999998,-0.01,-0.006,-4.401,-4.401,0.0,1.0,1.0,14.0,14.0,14.0
2023-05-08 07:00:00,1.353,5,7,128,1.362,1.372,1.371,5.763,5.763,1.3663333333333334,2.8324166666666666,4.2977083333333335,5.763,1.353,-0.0090000000000001,-0.0190000000000001,-0.018,-4.41,-4.41,0.0,1.0,2.0,3.0,15.0,15.0
2023-06-10 19:00:00,1.4,6,19,161,1.402,1.401,1.409,5.763,1.237,1.4023333333333332,2.8557500000000005,3.5542083333333334,5.763,1.229,-0.002,-0.0010000000000001,-0.0090000000000001,-4.363,0.1629999999999998,0.0,1.0,1.0,1.0,1.0,1.0
2023-06-10 22:00:00,1.394,6,22,161,1.39,1.4,1.401,5.763,1.231,1.3971666666666664,1.7630833333333331,3.574125,5.763,1.229,0.004,-0.006,-0.0070000000000001,-4.369,0.1629999999999998,0.0,1.0,1.0,2.0,2.0,2.0
2023-09-10 11:00:00,1.379,9,11,253,1.384,1.381,1.385,1.231,1.251,1.3806666666666667,1.3828333333333331,1.3102083333333334,1.387,1.231,-0.0049999999999998,-0.002,-0.006,0.1479999999999999,0.1280000000000001,0.0,222.0,222.0,222.0,222.0,222.0
2024-02-04 11:00:00,1.12,2,11,35,1.113,1.093,1.08,0.893,0.9,1.098833333333333,1.09175,0.9959166666666668,1.12,0.892,0.0070000000000001,0.0270000000000001,0.04,0.2270000000000001,0.22,0.0,0.5,0.5,0.5,0.5,0.5
2024-02-04 14:00:00,1.131,2,14,35,1.127,1.12,1.093,1.085,0.909,1.12,1.1018333333333332,1.0234583333333334,1.131,0.892,0.004,0.0109999999999998,0.038,0.046,0.2219999999999999,0.0,0.5,0.5,1.0,1.0,1.0
2024-02-05 11:00:00,1.016,2,11,36,0.967,0.96,5.763,1.107,1.12,1.7716666666666665,3.767333333333333,2.443791666666667,5.763,0.957,0.049,0.056,-4.747,-0.0909999999999999,-0.104,0.0,0.5,0.5,0.5,0.5,1.0
2024-03-05 13:00:00,0.948,3,13,65,0.976,0.986,5.763,5.763,1.104,0.9776666666666666,3.3703333333333334,3.5949999999999998,5.763,0.948,-0.028,-0.038,-4.815,-4.815,-0.1560000000000001,0.0,2.5,2.5,2.5,2.5,2.5
2024-04-03 11:00:00,0.866,4,11,94,0.87,5.763,5.763,0.956,0.974,4.131333333333333,4.5405,2.752708333333333,5.763,0.866,-0.004,-4.897,-4.897,-0.0899999999999999,-0.1079999999999999,0.0,248.0,248.0,248.0,248.0,248.0
2024-04-04 05:00:00,5.763,4,5,95,5.763,5.763,5.763,0.912,5.763,5.763,5.763,3.994727272727273,5.763,0.866,0.0,0.0,0.0,4.851,0.0,0.0,49.5,49.5,49.5,49.5,297.5
2024-04-04 19:00:00,1.05,4,19,95,1.053,1.065,1.081,5.763,5.763,1.0643333333333331,1.0714545454545454,3.417227272727273,5.763,1.05,-0.0029999999999998,-0.0149999999999999,-0.0309999999999999,-4.713,-4.713,0.0,381.0,381.0,381.0,381.0,430.5
2024-06-05 16:00:00,0.995,6,16,157,0.999,1.007,0.999,0.975,1.072,1.0016666666666665,0.9938333333333332,1.0096666666666667,1.069,0.961,-0.004,-0.0119999999999999,-0.004,0.02,-0.077,0.0,2.0,2.0,2.0,2.0,2.0
2024-06-06 10:00:00,32.7,6,10,158,32.7,32.7,32.7,0.973,0.999,32.7,30.055916666666672,15.523666666666667,32.7,0.971,0.0,0.0,0.0,31.727000000000004,31.701000000000004,0.0,0.5,0.5,0.5,0.5,2.5
2024-06-07 04:00:00,32.7,6,4,159,32.7,32.7,32.7,32.7,32.7,32.7,32.7,32.7,32.7,32.7,0.0,0.0,0.0,0.0,0.0,0.0,0.5,0.5,0.5,0.5,1.0
2024-06-07 20:00:00,32.7,6,20,159,32.7,32.7,32.7,32.7,32.7,32.7,32.7,32.7,32.7,32.7,0.0,0.0,0.0,0.0,0.0,0.0,0.5,0.5,0.5,1.0,1.5
2024-06-08 00:00:00,32.7,6,0,160,32.7,32.7,32.7,32.7,32.7,32.7,32.7,32.7,32.7,32.7,0.0,0.0,0.0,0.0,0.0,0.0,0.5,1.0,1.5,2.0,2.5
2024-06-08 01:00:00,32.7,6,1,160,32.7,32.7,32.7,32.7,32.7,32.7,32.7,32.7,32.7,32.7,0.0,0.0,0.0,0.0,0.0,0.0,1.0,2.0,2.5,3.0,3.5
2024-06-08 02:00:00,32.7,6,2,160,32.7,32.7,32.7,32.7,32.7,32.7,32.7,32.7,32.7,32.7,0.0,0.0,0.0,0.0,0.0,0.0,3.5,5.0,5.5,6.0,7.0
2025-03-02 14:00:00,32.7,3,14,61,32.7,32.7,32.7,32.7,32.7,32.7,32.7,32.7,32.7,32.7,0.0,0.0,0.0,0.0,0.0,0.0,61.30000000000018,155.80000000000018,155.80000000000018,155.80000000000018,155.80000000000018
2025-03-02 15:00:00,32.7,3,15,61,32.7,32.7,32.7,32.7,32.7,32.7,32.7,32.7,32.7,32.7,0.0,0.0,0.0,0.0,0.0,0.0,61.30000000000018,217.1000000000004,217.1000000000004,217.1000000000004,217.1000000000004
2025-03-02 16:00:00,32.7,3,16,61,32.7,32.7,32.7,32.7,32.7,32.7,32.7,32.7,32.7,32.7,0.0,0.0,0.0,0.0,0.0,0.0,66.80000000000018,189.4000000000005,283.90000000000055,283.90000000000055,283.90000000000055
2025-03-02 17:00:00,32.7,3,17,61,32.7,32.7,32.7,32.7,32.7,32.7,32.7,32.7,32.7,32.7,0.0,0.0,0.0,0.0,0.0,0.0,66.80000000000018,194.9000000000005,350.7000000000007,350.7000000000007,350.7000000000007
2025-03-02 18:00:00,32.7,3,18,61,32.7,32.7,32.7,32.7,32.7,32.7,32.7,32.7,32.7,32.7,0.0,0.0,0.0,0.0,0.0,0.0,66.80000000000018,200.4000000000005,417.5000000000009,417.5000000000009,417.5000000000009
2025-03-02 19:00:00,32.7,3,19,61,32.7,32.7,32.7,32.7,32.7,32.7,32.7,32.7,32.7,32.7,0.0,0.0,0.0,0.0,0.0,0.0,66.80000000000018,200.4000000000005,389.8000000000011,484.3000000000011,484.3000000000011
2025-03-02 20:00:00,32.7,3,20,61,32.7,32.7,32.7,32.7,32.7,32.7,32.7,32.7,32.7,32.7,0.0,0.0,0.0,0.0,0.0,0.0,66.80000000000018,200.4000000000005,395.3000000000011,551.1000000000013,551.1000000000013
2025-03-02 21:00:00,32.7,3,21,61,32.7,32.7,32.7,32.7,32.7,32.7,32.7,32.7,32.7,32.7,0.0,0.0,0.0,0.0,0.0,0.0,66.80000000000018,200.4000000000005,400.8000000000011,617.9000000000015,617.9000000000015
2025-03-02 22:00:00,32.7,3,22,61,32.7,32.7,32.7,32.7,32.7,32.7,32.7,32.7,32.7,32.7,0.0,0.0,0.0,0.0,0.0,0.0,66.80000000000018,200.4000000000005,400.8000000000011,684.7000000000016,684.7000000000016
2025-03-03 02:00:00,12.2,3,2,62,12.5,32.7,32.7,32.7,32.7,22.566666666666663,27.633333333333336,30.166666666666668,32.7,12.2,-0.3000000000000007,-20.500000000000004,-20.500000000000004,-20.500000000000004,-20.500000000000004,0.0,66.80000000000018,200.4000000000005,400.8000000000011,796.1000000000022,951.9000000000024
2025-03-03 03:00:00,12.6,3,3,62,12.2,12.6,32.7,32.7,32.7,19.21666666666667,25.95833333333333,29.32916666666667,32.7,12.2,0.4000000000000003,0.0,-20.1,-20.1,-20.1,0.0,66.80000000000018,200.4000000000005,400.8000000000011,801.6000000000022,1018.7000000000024
2025-03-03 04:00:00,12.5,3,4,62,12.6,12.5,32.7,32.7,32.7,15.85,24.275,28.4875,32.7,12.2,-0.0999999999999996,0.0,-20.200000000000003,-20.200000000000003,-20.200000000000003,0.0,66.80000000000018,200.4000000000005,400.8000000000011,801.6000000000022,1085.5000000000027
2025-03-03 07:00:00,13.0,3,7,62,12.5,12.5,12.5,32.7,32.7,12.56,19.881818181818183,26.569565217391304,32.7,12.2,0.5,0.5,0.5,-19.700000000000003,-19.700000000000003,0.0,66.80000000000018,133.60000000000036,334.0000000000009,734.800000000002,1219.100000000003
2025-03-03 10:00:00,14.3,3,10,62,14.5,13.0,12.5,32.7,32.7,13.62,14.836363636363636,24.15652173913044,32.7,12.2,-0.1999999999999993,1.3000000000000007,1.8000000000000007,-18.4,-18.4,0.0,66.80000000000018,200.4000000000005,334.0000000000009,734.800000000002,1419.5000000000036
2025-03-03 12:00:00,14.4,3,12,62,14.2,14.5,12.5,12.6,32.7,14.033333333333331,13.318181818181818,22.55652173913044,32.7,12.2,0.200000000000001,-0.0999999999999996,1.9000000000000004,1.8000000000000007,-18.300000000000004,0.0,66.80000000000018,200.4000000000005,400.8000000000011,734.800000000002,1553.100000000004
2025-03-03 13:00:00,13.4,3,13,62,14.4,14.3,13.0,12.5,32.7,14.1,13.4,21.717391304347824,32.7,12.2,-1.0,-0.9000000000000004,0.4000000000000003,0.9000000000000004,-19.300000000000004,0.0,66.80000000000018,200.4000000000005,400.8000000000011,734.800000000002,1525.4000000000042
2025-03-03 14:00:00,14.0,3,14,62,13.4,14.2,13.8,12.2,32.7,14.133333333333336,13.563636363636364,20.90434782608696,32.7,12.2,0.5999999999999996,-0.1999999999999993,0.1999999999999993,1.8000000000000007,-18.700000000000003,0.0,66.80000000000018,200.4000000000005,400.8000000000011,734.800000000002,1530.9000000000042
2025-03-03 20:00:00,12.7,3,20,62,12.8,13.6,14.0,13.8,32.7,13.18,13.7,15.931818181818182,32.7,12.2,-0.1000000000000014,-0.9000000000000004,-1.3000000000000007,-1.1000000000000014,-20.000000000000004,0.0,66.80000000000018,200.4000000000005,334.0000000000009,734.800000000002,1469.600000000004
2025-03-04 20:00:00,12.7,3,20,63,12.7,13.6,14.3,13.9,12.7,13.34,13.8,13.43157894736842,14.4,12.7,0.0,-0.9000000000000004,-1.6000000000000014,-1.200000000000001,0.0,1.0,66.80000000000018,200.4000000000005,267.2000000000007,512.4000000000015,1180.4000000000033
2025-03-04 23:00:00,12.7,3,23,63,12.7,12.7,13.6,13.8,12.7,12.7,13.48,13.47222222222222,14.4,12.7,0.0,0.0,-0.9000000000000004,-1.1000000000000014,0.0,1.0,66.80000000000018,200.4000000000005,400.8000000000011,528.9000000000015,1180.4000000000033
2025-03-05 02:00:00,60.719,3,2,64,60.705,12.7,12.7,14.3,12.7,41.503,27.4215,21.011315789473684,60.719,12.7,0.0140000000000028,48.019000000000005,48.019000000000005,46.419,48.019000000000005,1.0,66.80000000000018,200.4000000000005,400.8000000000011,668.0000000000018,1247.2000000000037
2025-03-05 07:00:00,60.599,3,7,64,60.711,60.739,60.705,12.7,13.3,60.7065,47.61227272727273,30.76068181818182,60.741,12.7,-0.1120000000000018,-0.1400000000000005,-0.1060000000000016,47.899,47.29899999999999,1.0,66.80000000000018,200.4000000000005,400.8000000000011,801.6000000000022,1314.0000000000036
2025-03-05 08:00:00,60.421,3,8,64,60.599,60.741,60.719,12.7,13.9,60.65683333333333,51.950545454545455,32.87527272727273,60.741,12.7,-0.1779999999999972,-0.3200000000000003,-0.2980000000000018,47.721,46.521,1.0,61.30000000000018,194.9000000000005,395.3000000000011,796.1000000000022,1308.5000000000036
2025-03-05 10:00:00,60.27,3,10,64,60.303,60.599,60.739,12.7,14.2,60.50749999999999,56.61075,37.05586363636364,60.741,12.7,-0.0329999999999941,-0.3289999999999935,-0.4689999999999941,47.57000000000001,46.07000000000001,1.0,61.29999999999927,183.89999999999964,384.3000000000002,785.1000000000013,1308.5000000000027
2025-03-05 11:00:00,60.26,3,11,64,60.27,60.421,60.741,12.7,13.8,60.42733333333334,60.57408333333333,39.16768181818182,60.741,12.7,-0.0100000000000051,-0.1610000000000013,-0.4810000000000016,47.56,46.46,1.0,61.29999999999927,183.8999999999988,378.7999999999993,779.6000000000004,1308.5000000000018
2025-03-05 12:00:00,60.295,3,12,64,60.26,60.303,60.711,60.691,14.1,60.358,60.54108333333334,41.26745454545455,60.741,12.7,0.0350000000000036,-0.0079999999999955,-0.4159999999999968,-0.3960000000000008,46.195,1.0,61.29999999999927,183.89999999999785,373.2999999999984,774.0999999999995,1308.500000000001
2025-03-05 13:00:00,60.345,3,13,64,60.295,60.27,60.599,60.705,14.3,60.315666666666665,60.511083333333325,43.36040909090909,60.741,12.7,0.0499999999999971,0.0749999999999957,-0.2539999999999978,-0.3599999999999994,46.045,1.0,61.29999999999927,183.89999999999785,367.7999999999975,768.5999999999985,1369.8000000000002
2025-03-05 15:00:00,60.377,3,15,64,60.328,60.295,60.303,60.73,13.9,60.3125,60.44908333333333,47.56518181818182,60.741,12.7,0.0489999999999994,0.0820000000000007,0.0740000000000051,-0.3529999999999944,46.477,1.0,61.29999999999927,122.59999999999854,306.4999999999964,696.2999999999975,1431.0999999999997
2025-03-05 16:00:00,60.335,3,16,64,60.377,60.345,60.27,60.739,13.8,60.32333333333335,60.415416666666665,49.680409090909095,60.741,12.7,-0.0420000000000015,-0.009999999999998,0.0649999999999977,-0.4039999999999963,46.535,1.0,66.79999999999927,128.09999999999854,311.9999999999964,696.2999999999965,1497.8999999999987
2025-03-05 17:00:00,60.387,3,17,64,60.335,60.328,60.26,60.741,13.6,60.3445,60.38591666666667,51.8070909090909,60.741,12.7,0.0519999999999996,0.0589999999999975,0.1270000000000024,-0.3539999999999992,46.787,1.0,66.79999999999927,194.89999999999785,317.4999999999964,696.2999999999956,1497.8999999999978
2025-03-05 19:00:00,60.558,3,19,64,60.477,60.335,60.345,60.599,12.7,60.41033333333333,60.363,54.26482608695652,60.741,12.7,0.081000000000003,0.2229999999999989,0.2130000000000009,-0.0409999999999968,47.858,1.0,66.79999999999927,200.39999999999785,328.4999999999964,696.2999999999938,1497.899999999996
2025-03-05 22:00:00,60.641,3,22,64,60.631,60.558,60.335,60.27,12.7,60.54983333333333,60.43658333333334,58.52366666666666,60.741,12.7,0.009999999999998,0.0829999999999984,0.3059999999999974,0.3709999999999951,47.941,1.0,66.79999999999927,133.59999999999854,333.9999999999964,645.9999999999927,1431.099999999994
2025-03-05 23:00:00,60.651,3,23,64,60.641,60.605,60.387,60.26,12.7,60.59383333333333,60.469166666666666,60.521625,60.741,60.26,0.0100000000000051,0.0460000000000064,0.2640000000000029,0.3910000000000053,47.95100000000001,1.0,66.79999999999927,200.39999999999785,333.9999999999964,651.4999999999927,1431.099999999993
2025-03-06 00:00:00,61.457,3,0,65,60.651,60.631,60.477,60.295,60.691,60.75716666666667,60.566,60.55354166666666,61.457,60.26,0.8059999999999974,0.8260000000000005,0.980000000000004,1.161999999999999,0.7659999999999982,1.0,66.79999999999927,200.39999999999785,333.9999999999964,656.9999999999927,1431.0999999999922
2025-03-06 01:00:00,61.449,3,1,65,61.457,60.641,60.558,60.345,60.705,60.90566666666667,60.65800000000001,60.58454166666667,61.457,60.26,-0.0080000000000026,0.8079999999999998,0.8909999999999982,1.1039999999999992,0.7439999999999998,1.0,66.79999999999927,200.39999999999785,333.9999999999964,662.4999999999927,1431.0999999999913
2025-03-06 02:00:00,61.426,3,2,65,61.449,60.651,60.605,60.328,60.719,61.0425,60.74949999999999,60.614,61.457,60.26,-0.0229999999999961,0.7749999999999986,0.8210000000000051,1.097999999999999,0.7070000000000007,1.0,66.79999999999927,200.39999999999785,400.7999999999956,729.299999999992,1431.0999999999904
2025-03-06 03:00:00,61.406,3,3,65,61.426,61.457,60.631,60.377,60.73,61.171666666666674,60.83525,60.64216666666667,61.457,60.26,-0.0200000000000031,-0.0510000000000019,0.7749999999999986,1.0289999999999964,0.6760000000000019,1.0,66.79999999999927,200.39999999999785,400.7999999999956,734.799999999992,1431.0999999999894
2025-03-06 04:00:00,61.39,3,4,65,61.406,61.449,60.641,60.335,60.739,61.2965,60.92316666666667,60.66929166666666,61.457,60.26,-0.0159999999999982,-0.0589999999999975,0.7490000000000023,1.0549999999999995,0.6510000000000034,1.0,66.79999999999927,200.39999999999785,400.7999999999956,734.799999999992,1431.0999999999883
2025-03-06 05:00:00,61.404,3,5,65,61.39,61.426,60.651,60.387,60.741,61.422,61.00791666666667,60.69691666666666,61.457,60.26,0.0140000000000028,-0.0219999999999984,0.7530000000000001,1.017000000000003,0.6630000000000038,1.0,66.79999999999927,200.39999999999785,400.7999999999956,734.799999999992,1431.0999999999876
2025-03-06 06:00:00,61.401,3,6,65,61.404,61.406,61.457,60.477,60.711,61.41266666666667,61.084916666666665,60.72566666666666,61.457,60.26,-0.0030000000000001,-0.0049999999999954,-0.0559999999999973,0.9240000000000066,0.6900000000000048,1.0,66.79999999999927,200.39999999999785,400.7999999999956,734.799999999992,1431.0999999999867
2025-03-06 07:00:00,61.362,3,7,65,61.401,61.39,61.449,60.558,60.599,61.39816666666667,61.15191666666667,60.75745833333334,61.457,60.26,-0.0390000000000014,-0.0279999999999986,-0.0869999999999961,0.804000000000002,0.7630000000000052,1.0,66.79999999999927,200.39999999999785,400.7999999999956,734.799999999992,1431.0999999999858
2025-03-06 08:00:00,61.301,3,8,65,61.362,61.404,61.426,60.605,60.421,61.37733333333333,61.209916666666665,60.794125,61.457,60.26,-0.0609999999999999,-0.1030000000000015,-0.125,0.6960000000000051,0.8800000000000026,1.0,66.79999999999927,200.39999999999785,400.7999999999956,801.5999999999913,1436.599999999985
2025-03-06 09:00:00,61.254,3,9,65,61.301,61.401,61.406,60.631,60.303,61.352,61.26183333333333,60.83375,61.457,60.26,-0.0470000000000041,-0.1470000000000055,-0.152000000000001,0.6229999999999976,0.9510000000000004,1.0,61.29999999999927,194.89999999999785,395.2999999999956,796.0999999999913,1436.599999999984
2025-03-06 10:00:00,61.178,3,10,65,61.254,61.362,61.39,60.641,60.27,61.31666666666666,61.30658333333333,60.87158333333334,61.457,60.26,-0.0760000000000005,-0.1840000000000046,-0.2120000000000033,0.536999999999999,0.907999999999994,1.0,61.20000000000073,189.29999999999927,389.6999999999971,790.4999999999927,1436.4999999999854
2025-03-06 13:00:00,61.042,3,13,65,61.07,61.178,61.362,61.449,60.345,61.1495,61.27383333333333,60.965916666666665,61.457,60.328,-0.0279999999999986,-0.1359999999999956,-0.3200000000000003,-0.4069999999999965,0.6970000000000027,1.0,66.79999999999927,66.79999999999927,256.09999999999854,656.8999999999942,1319.399999999987
2025-03-06 14:00:00,60.951,3,14,65,61.042,61.052,61.301,61.426,60.328,61.09116666666666,61.23425,60.991875,61.457,60.335,-0.091000000000001,-0.100999999999999,-0.3500000000000014,-0.4750000000000014,0.6229999999999976,1.0,66.79999999999927,133.59999999999854,256.09999999999854,656.8999999999942,1386.1999999999862
2025-03-06 15:00:00,60.903,3,15,65,60.951,61.07,61.254,61.406,60.377,61.03266666666667,61.19233333333333,61.01379166666667,61.457,60.335,-0.0480000000000018,-0.1670000000000016,-0.3509999999999991,-0.5030000000000001,0.5259999999999962,1.0,66.79999999999927,200.39999999999785,261.59999999999854,656.8999999999942,1391.6999999999862
2025-03-06 16:00:00,60.958,3,16,65,60.903,61.042,61.178,61.39,60.335,60.996,61.15633333333333,61.03975,61.457,60.387,0.0549999999999997,-0.0840000000000031,-0.2199999999999988,-0.4320000000000021,0.6229999999999976,1.0,66.79999999999927,200.39999999999785,267.1999999999971,656.8999999999942,1391.6999999999862
2025-03-06 17:00:00,60.993,3,17,65,60.958,60.951,61.052,61.404,60.387,60.98616666666667,61.122083333333336,61.065000000000005,61.457,60.477,0.0350000000000036,0.0420000000000015,-0.0589999999999975,-0.4110000000000013,0.6060000000000016,1.0,66.79999999999927,200.39999999999785,333.9999999999964,656.8999999999942,1391.6999999999862
2025-03-06 18:00:00,61.028,3,18,65,60.993,60.903,61.07,61.401,60.477,60.97916666666666,61.09100000000001,61.08795833333334,61.457,60.558,0.0349999999999965,0.125,-0.0420000000000015,-0.3730000000000046,0.5510000000000019,1.0,66.79999999999927,200.39999999999785,400.7999999999956,656.8999999999942,1391.6999999999862
2025-03-06 19:00:00,61.063,3,19,65,61.028,60.958,61.042,61.362,60.558,60.98266666666666,61.06608333333333,61.109,61.457,60.605,0.0350000000000036,0.1050000000000039,0.0210000000000007,-0.2989999999999995,0.5050000000000026,1.0,66.79999999999927,200.39999999999785,400.7999999999956,656.8999999999942,1391.6999999999862
2025-03-06 20:00:00,61.067,3,20,65,61.063,60.993,60.951,61.301,60.605,61.002,61.04658333333334,61.12825,61.457,60.631,0.0039999999999977,0.073999999999998,0.1159999999999996,-0.2340000000000017,0.4620000000000033,1.0,66.79999999999927,200.39999999999785,400.7999999999956,656.8999999999942,1458.4999999999854
2025-03-06 21:00:00,61.064,3,21,65,61.067,61.028,60.903,61.254,60.631,61.02883333333333,61.030750000000005,61.14629166666666,61.457,60.641,-0.0030000000000001,0.0360000000000013,0.1610000000000013,-0.1899999999999977,0.4329999999999998,1.0,66.79999999999927,200.39999999999785,400.7999999999956,662.3999999999942,1458.4999999999854
2025-03-06 22:00:00,61.05,3,22,65,61.064,61.063,60.958,61.178,60.641,61.04416666666668,61.02008333333333,61.16333333333333,61.457,60.651,-0.0140000000000028,-0.0130000000000052,0.0919999999999987,-0.1280000000000001,0.4089999999999989,1.0,66.79999999999927,200.39999999999785,400.7999999999956,667.9999999999927,1458.4999999999854
2025-03-06 23:00:00,61.045,3,23,65,61.05,61.067,60.993,61.052,60.651,61.05283333333333,61.0195,61.179750000000006,61.457,60.903,-0.0049999999999954,-0.0219999999999984,0.0519999999999996,-0.0069999999999978,0.3939999999999983,1.0,66.79999999999927,200.39999999999785,400.7999999999956,734.799999999992,1458.4999999999854
2025-03-07 00:00:00,61.239,3,0,66,61.045,61.064,61.028,61.07,61.457,61.088,61.033583333333326,61.17066666666667,61.449,60.903,0.1939999999999955,0.1749999999999971,0.2109999999999985,0.1689999999999969,-0.2180000000000035,1.0,66.79999999999927,200.39999999999785,400.7999999999956,801.5999999999913,1458.4999999999854
2025-03-07 02:00:00,61.234,3,2,66,61.217,61.045,61.067,60.951,61.426,61.14150000000001,61.07175,61.153,61.406,60.903,0.017000000000003,0.189,0.1670000000000016,0.2830000000000012,-0.1920000000000001,1.0,66.79999999999927,133.59999999999854,333.9999999999964,734.799999999992,1391.6999999999862
2025-03-07 04:00:00,61.317,3,4,66,61.29,61.217,61.05,60.958,61.39,61.22366666666667,61.13391666666666,61.14512500000001,61.404,60.903,0.027000000000001,0.1000000000000014,0.267000000000003,0.3590000000000017,-0.0730000000000004,1.0,66.79999999999927,133.59999999999854,267.1999999999971,667.9999999999927,1324.899999999987
2025-03-07 06:00:00,61.304,3,6,66,61.316,61.29,61.239,61.028,61.401,61.27966666666666,61.18383333333333,61.13741666666667,61.362,60.903,-0.0120000000000004,0.0140000000000028,0.0650000000000048,0.2760000000000033,-0.0970000000000013,1.0,66.79999999999927,133.59999999999854,200.39999999999785,601.1999999999935,1258.0999999999876
2025-03-07 07:00:00,61.267,3,7,66,61.304,61.317,61.217,61.063,61.362,61.288,61.20083333333333,61.13345833333333,61.317,60.903,-0.036999999999999,-0.0499999999999971,0.0500000000000042,0.2040000000000006,-0.0949999999999988,1.0,66.79999999999927,133.59999999999854,267.1999999999971,601.1999999999935,1258.0999999999876
2025-03-07 08:00:00,61.234,3,8,66,61.267,61.316,61.234,61.067,61.301,61.28800000000001,61.21475,61.13066666666666,61.317,60.903,-0.0330000000000012,-0.0820000000000007,0.0,0.1670000000000016,-0.0670000000000001,1.0,66.79999999999927,200.39999999999785,267.1999999999971,601.1999999999935,1258.0999999999876
2025-03-07 09:00:00,61.174,3,9,66,61.234,61.304,61.29,61.064,61.254,61.26866666666667,61.22391666666667,61.12733333333333,61.317,60.903,-0.0600000000000022,-0.1300000000000025,-0.1159999999999996,0.1099999999999994,-0.0799999999999983,1.0,66.79999999999927,200.39999999999785,333.9999999999964,601.1999999999935,1263.5999999999876
2025-03-07 10:00:00,61.034,3,10,66,61.174,61.267,61.317,61.05,61.178,61.2215,61.22258333333334,61.12133333333333,61.317,60.903,-0.1400000000000005,-0.2330000000000041,-0.2830000000000012,-0.0159999999999982,-0.1439999999999983,1.0,61.29999999999927,194.89999999999785,328.4999999999964,595.6999999999935,1263.6999999999862
2025-03-07 11:00:00,60.926,3,11,66,61.034,61.234,61.316,61.045,61.052,61.1565,61.21266666666666,61.116083333333336,61.317,60.903,-0.1079999999999969,-0.3079999999999998,-0.3900000000000005,-0.1189999999999997,-0.1259999999999976,1.0,61.29999999999927,189.39999999999785,389.7999999999956,590.1999999999935,1324.9999999999854
2025-03-07 12:00:00,60.888,3,12,66,60.926,61.174,61.304,61.239,61.07,61.08716666666667,61.183416666666666,61.10849999999999,61.317,60.888,-0.0380000000000038,-0.2860000000000013,-0.4160000000000039,-0.3509999999999991,-0.1820000000000021,1.0,61.29999999999927,183.89999999999785,384.2999999999956,584.6999999999935,1386.2999999999847
2025-03-07 13:00:00,60.903,3,13,66,60.888,61.034,61.267,61.217,61.042,61.0265,61.157250000000005,61.10270833333333,61.317,60.888,0.0150000000000005,-0.1310000000000002,-0.3640000000000043,-0.314,-0.1390000000000029,1.0,61.29999999999927,183.89999999999785,378.7999999999956,645.9999999999927,1380.7999999999847
2025-03-07 14:00:00,60.825,3,14,66,60.903,60.926,61.234,61.234,60.951,60.958333333333336,61.12316666666667,61.09745833333333,61.317,60.825,-0.0779999999999958,-0.100999999999999,-0.4089999999999989,-0.4089999999999989,-0.1259999999999976,1.0,61.29999999999927,183.89999999999785,373.2999999999956,640.4999999999927,1375.2999999999847
2025-03-07 15:00:00,60.761,3,15,66,60.825,60.888,61.174,61.29,60.903,60.8895,61.07908333333334,61.09154166666666,61.317,60.761,-0.064,-0.1269999999999953,-0.4129999999999967,-0.5289999999999964,-0.1419999999999959,1.0,61.29999999999927,183.89999999999785,367.7999999999956,701.799999999992,1369.7999999999847
2025-03-07 16:00:00,60.788,3,16,66,60.761,60.903,61.034,61.317,60.958,60.8485,61.035,61.08445833333334,61.317,60.761,0.0269999999999939,-0.1150000000000019,-0.2460000000000022,-0.5290000000000035,-0.1700000000000017,1.0,66.79999999999927,189.39999999999785,373.2999999999956,701.799999999992,1369.7999999999847
2025-03-07 17:00:00,60.844,3,17,66,60.788,60.825,60.926,61.316,60.993,60.834833333333336,60.995666666666665,61.07825,61.317,60.761,0.0560000000000044,0.0189999999999983,-0.0820000000000007,-0.4720000000000013,-0.1490000000000009,1.0,66.79999999999927,194.89999999999785,378.7999999999956,768.5999999999913,1369.7999999999847
2025-03-07 18:00:00,60.894,3,18,66,60.844,60.761,60.888,61.304,61.028,60.83583333333333,60.9615,61.07266666666666,61.317,60.761,0.0499999999999971,0.1329999999999955,0.0060000000000002,-0.4100000000000037,-0.1340000000000003,1.0,66.79999999999927,200.39999999999785,384.2999999999956,768.5999999999913,1369.7999999999847
2025-03-07 19:00:00,60.957,3,19,66,60.894,60.788,60.903,61.267,61.063,60.84483333333333,60.93566666666666,61.06825,61.317,60.761,0.0630000000000023,0.169000000000004,0.054000000000002,-0.3100000000000023,-0.1060000000000016,1.0,66.79999999999927,200.39999999999785,389.7999999999956,768.5999999999913,1369.7999999999847
2025-03-07 20:00:00,60.988,3,20,66,60.957,60.844,60.825,61.234,61.067,60.87200000000001,60.91516666666666,61.06495833333333,61.317,60.761,0.0309999999999988,0.1439999999999983,0.1629999999999967,-0.2460000000000022,-0.0790000000000006,1.0,66.79999999999927,200.39999999999785,395.2999999999956,768.5999999999913,1369.7999999999847
2025-03-07 21:00:00,60.97,3,21,66,60.988,60.894,60.761,61.174,61.064,60.90683333333334,60.89816666666667,61.06104166666666,61.317,60.761,-0.0180000000000006,0.0760000000000005,0.208999999999996,-0.2040000000000006,-0.0940000000000012,1.0,66.79999999999927,200.39999999999785,400.7999999999956,768.5999999999913,1369.7999999999847
2025-03-07 22:00:00,60.999,3,22,66,60.97,60.957,60.788,61.034,61.05,60.942,60.89525,61.05891666666667,61.317,60.761,0.0290000000000034,0.0420000000000015,0.2110000000000056,-0.0349999999999965,-0.0509999999999948,1.0,66.79999999999927,200.39999999999785,400.7999999999956,774.0999999999913,1369.7999999999847
2025-03-07 23:00:00,61.0,3,23,66,60.999,60.988,60.844,60.926,61.045,60.968,60.90141666666667,61.05704166666666,61.317,60.761,0.0009999999999976,0.0120000000000004,0.1559999999999988,0.073999999999998,-0.0450000000000017,1.0,66.79999999999927,200.39999999999785,400.7999999999956,779.5999999999913,1369.7999999999847
2025-03-08 00:00:00,60.78,3,0,67,61.0,60.97,60.894,60.888,61.239,60.949000000000005,60.89241666666667,61.03791666666667,61.317,60.761,-0.2199999999999988,-0.1899999999999977,-0.1139999999999972,-0.1079999999999969,-0.4589999999999961,1.0,66.79999999999927,200.39999999999785,400.7999999999956,785.0999999999913,1369.7999999999847
2025-03-08 01:00:00,60.776,3,1,67,60.78,60.999,60.957,60.903,61.217,60.91883333333334,60.88183333333333,61.01954166666667,61.317,60.761,-0.0039999999999977,-0.2229999999999989,-0.1809999999999973,-0.1269999999999953,-0.4409999999999954,1.0,66.79999999999927,200.39999999999785,400.7999999999956,790.5999999999913,1436.599999999984
2025-03-08 02:00:00,60.772,3,2,67,60.776,61.0,60.988,60.825,61.234,60.88283333333334,60.87741666666667,61.00029166666667,61.317,60.761,-0.0040000000000048,-0.2280000000000015,-0.216000000000001,-0.0530000000000043,-0.4620000000000033,1.0,66.79999999999927,200.39999999999785,400.7999999999956,796.0999999999913,1436.599999999984
2025-03-08 03:00:00,60.764,3,3,67,60.772,60.78,60.97,60.761,61.29,60.8485,60.87766666666667,60.978375,61.317,60.761,-0.0079999999999955,-0.0159999999999982,-0.2059999999999959,0.0030000000000001,-0.5259999999999962,1.0,66.79999999999927,200.39999999999785,400.7999999999956,801.5999999999913,1503.3999999999833
2025-03-08 04:00:00,60.762,3,4,67,60.764,60.776,60.999,60.788,61.317,60.809000000000005,60.8755,60.95525000000001,61.316,60.761,-0.0020000000000024,-0.0140000000000028,-0.2370000000000018,-0.0259999999999962,-0.5549999999999997,1.0,66.79999999999927,200.39999999999785,400.7999999999956,801.5999999999913,1503.3999999999833
2025-03-08 05:00:00,60.759,3,5,67,60.762,60.772,61.0,60.844,61.316,60.76883333333333,60.86841666666667,60.93204166666667,61.304,60.759,-0.0030000000000001,-0.0129999999999981,-0.2409999999999996,-0.0850000000000008,-0.5570000000000022,1.0,66.79999999999927,200.39999999999785,400.7999999999956,801.5999999999913,1570.1999999999823
2025-03-08 06:00:00,60.747,3,6,67,60.759,60.764,60.78,60.894,61.304,60.76333333333333,60.85616666666667,60.90883333333333,61.267,60.747,-0.0120000000000004,-0.017000000000003,-0.0330000000000012,-0.1469999999999984,-0.5570000000000022,1.0,66.79999999999927,200.39999999999785,400.7999999999956,801.5999999999913,1570.1999999999823
2025-03-08 07:00:00,60.697,3,7,67,60.747,60.762,60.776,60.957,61.267,60.750166666666665,60.8345,60.88508333333333,61.234,60.697,-0.0499999999999971,-0.0649999999999977,-0.0790000000000006,-0.259999999999998,-0.5700000000000003,1.0,66.79999999999927,200.39999999999785,400.7999999999956,801.5999999999913,1570.1999999999823
2025-03-08 08:00:00,60.637,3,8,67,60.697,60.759,60.772,60.988,61.234,60.72766666666666,60.80525,60.86020833333333,61.174,60.637,-0.0600000000000022,-0.1219999999999998,-0.134999999999998,-0.3509999999999991,-0.5970000000000013,1.0,66.79999999999927,200.39999999999785,400.7999999999956,801.5999999999913,1570.1999999999823
2025-03-08 09:00:00,60.571,3,9,67,60.637,60.747,60.764,60.97,61.174,60.6955,60.772,60.83508333333334,61.034,60.571,-0.0660000000000025,-0.1760000000000019,-0.1930000000000049,-0.3990000000000009,-0.6030000000000015,1.0,66.79999999999927,200.39999999999785,400.7999999999956,801.5999999999913,1570.1999999999823
2025-03-08 10:00:00,60.531,3,10,67,60.571,60.697,60.762,60.999,61.034,60.657,60.733,60.814125,61.0,60.531,-0.0399999999999991,-0.1660000000000039,-0.2310000000000016,-0.4680000000000035,-0.5030000000000001,1.0,66.79999999999927,200.39999999999785,400.7999999999956,801.5999999999913,1575.6999999999823
2025-03-08 11:00:00,60.508,3,11,67,60.531,60.637,60.759,61.0,60.926,60.615166666666674,60.69200000000001,60.796708333333335,61.0,60.508,-0.0229999999999961,-0.1289999999999977,-0.2509999999999976,-0.4919999999999973,-0.4179999999999992,1.0,66.79999999999927,200.39999999999785,400.7999999999956,801.5999999999913,1581.1999999999823
2025-03-08 12:00:00,60.468,3,12,67,60.508,60.571,60.747,60.78,60.888,60.56866666666667,60.666,60.77920833333334,61.0,60.468,-0.0399999999999991,-0.1029999999999944,-0.2789999999999963,-0.3119999999999976,-0.4199999999999946,1.0,66.79999999999927,200.39999999999785,400.7999999999956,801.5999999999913,1586.6999999999823
2025-03-08 13:00:00,60.665,3,13,67,60.468,60.531,60.697,60.776,60.903,60.56333333333333,60.65675,60.76929166666668,61.0,60.468,0.1969999999999956,0.1340000000000003,-0.0320000000000035,-0.1110000000000042,-0.2379999999999995,1.0,66.79999999999927,200.39999999999785,400.7999999999956,801.5999999999913,1592.1999999999823
2025-03-08 14:00:00,60.812,3,14,67,60.665,60.508,60.637,60.772,60.825,60.5925,60.660083333333326,60.76875,61.0,60.468,0.1469999999999984,0.3039999999999949,0.1749999999999971,0.0399999999999991,-0.0130000000000052,1.0,66.79999999999927,200.39999999999785,400.7999999999956,801.5999999999913,1597.6999999999823
2025-03-08 15:00:00,60.959,3,15,67,60.812,60.468,60.571,60.764,60.761,60.65716666666668,60.67633333333333,60.77700000000001,61.0,60.468,0.1470000000000055,0.4909999999999996,0.3880000000000052,0.1950000000000002,0.1980000000000004,1.0,66.79999999999927,200.39999999999785,400.7999999999956,801.5999999999913,1603.1999999999823
2025-03-08 16:00:00,61.053,3,16,67,60.959,60.665,60.531,60.762,60.788,60.74416666666667,60.70058333333333,60.788041666666665,61.053,60.468,0.093999999999994,0.3879999999999981,0.5219999999999985,0.2909999999999968,0.2650000000000005,1.0,66.79999999999927,200.39999999999785,400.7999999999956,801.5999999999913,1603.1999999999823
2025-03-08 17:00:00,61.083,3,17,67,61.053,60.812,60.508,60.759,60.844,60.84,60.727583333333335,60.798,61.083,60.468,0.0300000000000011,0.2710000000000008,0.5749999999999957,0.323999999999998,0.2389999999999972,1.0,66.79999999999927,200.39999999999785,400.7999999999956,801.5999999999913,1603.1999999999823
2025-04-02 00:00:00,32.7,4,0,92,32.7,32.7,32.7,32.7,32.7,32.7,32.7,32.7,32.7,32.7,0.0,0.0,0.0,0.0,0.0,0.0,61.19999999999709,183.59999999999127,306.1999999999971,695.8000000000029,1436.4000000000087
2025-04-02 02:00:00,32.7,4,2,92,32.7,32.7,32.7,32.7,32.7,32.7,32.7,32.7,32.7,32.7,0.0,0.0,0.0,0.0,0.0,0.0,61.19999999999709,183.59999999999127,305.99999999998545,684.5999999999913,1436.199999999997
2025-04-02 03:00:00,32.7,4,3,92,32.7,32.7,32.7,32.7,32.7,32.7,32.7,32.7,32.7,32.7,0.0,0.0,0.0,0.0,0.0,0.0,61.19999999999709,183.59999999999127,367.19999999998254,678.9999999999854,1436.0999999999913
2025-04-02 04:00:00,32.7,4,4,92,32.7,32.7,32.7,32.7,32.7,32.7,32.7,32.7,32.7,32.7,0.0,0.0,0.0,0.0,0.0,0.0,61.19999999999709,183.59999999999127,367.19999999998254,673.3999999999796,1435.9999999999854
2025-04-02 05:00:00,32.7,4,5,92,32.7,32.7,32.7,32.7,32.7,32.7,32.7,32.7,32.7,32.7,0.0,0.0,0.0,0.0,0.0,0.0,61.19999999999709,183.59999999999127,367.19999999998254,673.3999999999796,1435.8999999999796
2025-04-02 06:00:00,32.7,4,6,92,32.7,32.7,32.7,32.7,32.7,32.7,32.7,32.7,32.7,32.7,0.0,0.0,0.0,0.0,0.0,0.0,61.19999999999709,183.59999999999127,367.19999999998254,673.3999999999796,1435.7999999999738
2025-04-02 07:00:00,32.7,4,7,92,32.7,32.7,32.7,32.7,32.7,32.7,32.7,32.7,32.7,32.7,0.0,0.0,0.0,0.0,0.0,0.0,61.19999999999709,183.59999999999127,367.19999999998254,673.2999999999738,1435.7999999999738
2025-04-02 08:00:00,32.7,4,8,92,32.7,32.7,32.7,32.7,32.7,32.7,32.7,32.7,32.7,32.7,0.0,0.0,0.0,0.0,0.0,0.0,61.19999999999709,183.59999999999127,367.19999999998254,673.199999999968,1435.7999999999738
2025-04-02 09:00:00,32.7,4,9,92,32.7,32.7,32.7,32.7,32.7,32.7,32.7,32.7,32.7,32.7,0.0,0.0,0.0,0.0,0.0,0.0,61.19999999999709,183.59999999999127,367.19999999998254,734.3999999999651,1435.7999999999738
2025-04-02 10:00:00,32.7,4,10,92,32.7,32.7,32.7,32.7,32.7,32.7,32.7,32.7,32.7,32.7,0.0,0.0,0.0,0.0,0.0,0.0,61.19999999999709,183.59999999999127,367.19999999998254,734.3999999999651,1435.7999999999738
2025-04-02 11:00:00,32.7,4,11,92,32.7,32.7,32.7,32.7,32.7,32.7,32.7,32.7,32.7,32.7,0.0,0.0,0.0,0.0,0.0,0.0,61.19999999999709,183.59999999999127,367.19999999998254,734.3999999999651,1435.7999999999738
2025-04-02 12:00:00,32.7,4,12,92,32.7,32.7,32.7,32.7,32.7,32.7,32.7,32.7,32.7,32.7,0.0,0.0,0.0,0.0,0.0,0.0,61.19999999999709,183.59999999999127,367.19999999998254,734.3999999999651,1430.199999999968
2025-04-02 14:00:00,32.7,4,14,92,32.7,32.7,32.7,32.7,32.7,32.7,32.7,32.7,32.7,32.7,0.0,0.0,0.0,0.0,0.0,0.0,61.30000000000291,183.6999999999971,367.2999999999884,734.4999999999709,1419.0999999999622
2025-04-02 15:00:00,32.7,4,15,92,32.7,32.7,32.7,32.7,32.7,32.7,32.7,32.7,32.7,32.7,0.0,0.0,0.0,0.0,0.0,0.0,66.80000000000291,189.3000000000029,372.8999999999942,740.0999999999767,1419.0999999999622
2025-04-02 16:00:00,32.7,4,16,92,32.7,32.7,32.7,32.7,32.7,32.7,32.7,32.7,32.7,32.7,0.0,0.0,0.0,0.0,0.0,0.0,66.80000000000291,194.9000000000088,378.5,745.6999999999825,1419.0999999999622
2025-04-02 17:00:00,32.7,4,17,92,32.7,32.7,32.7,32.7,32.7,32.7,32.7,32.7,32.7,32.7,0.0,0.0,0.0,0.0,0.0,0.0,66.80000000000291,200.4000000000088,384.1000000000058,751.2999999999884,1424.699999999968
2025-04-02 22:00:00,32.7,4,22,92,32.7,32.7,32.7,32.7,32.7,32.7,32.7,32.7,32.7,32.7,0.0,0.0,0.0,0.0,0.0,0.0,61.30000000000291,122.60000000000582,250.70000000001164,629.2000000000116,1363.5999999999767
2025-04-02 23:00:00,32.7,4,23,92,32.7,32.7,32.7,32.7,32.7,32.7,32.7,32.7,32.7,32.7,0.0,0.0,0.0,0.0,0.0,0.0,61.30000000000291,183.9000000000088,245.20000000001164,629.3000000000175,1363.6999999999823
2025-04-03 02:00:00,12.6,4,2,93,12.6,32.7,32.7,32.7,32.7,24.660000000000004,29.045454545454547,30.95217391304348,32.7,12.6,0.0,-20.1,-20.1,-20.1,-20.1,0.0,61.30000000000291,122.60000000000582,306.5000000000145,568.2000000000262,1302.699999999997
2025-04-03 11:00:00,14.3,4,11,93,14.3,13.7,12.5,32.7,32.7,13.666666666666666,13.22,23.845454545454547,32.7,12.5,0.0,0.6000000000000014,1.8000000000000007,-18.4,-18.4,0.0,61.30000000000291,183.8000000000029,367.7000000000117,490.3000000000175,1119.600000000035
2025-04-03 23:00:00,12.7,4,23,93,12.7,12.5,13.2,14.3,32.7,12.533333333333331,12.8375,13.05,14.4,12.2,0.0,0.1999999999999993,-0.5,-1.6000000000000014,-20.000000000000004,0.0,61.30000000000291,122.60000000000582,245.20000000001164,646.0000000000291,1136.3000000000466
2025-04-04 05:00:00,12.4,4,5,94,12.1,12.6,12.7,13.2,12.5,12.46,12.5,13.0,14.4,12.1,0.3000000000000007,-0.1999999999999993,-0.2999999999999989,-0.7999999999999989,-0.0999999999999996,0.0,61.30000000000291,183.9000000000088,306.5000000000145,551.7000000000262,1320.2000000000553
2025-04-04 07:00:00,13.6,4,7,94,12.7,12.1,12.6,12.2,12.8,12.666666666666666,12.654545454545454,13.052631578947366,14.4,12.1,0.9000000000000004,1.5,1.0,1.4000000000000004,0.7999999999999989,0.0,61.30000000000291,183.9000000000088,367.8000000000175,613.0000000000291,1320.2000000000553
2025-04-04 08:00:00,14.2,4,8,94,13.6,12.4,12.6,12.5,13.7,12.933333333333332,12.80909090909091,13.078947368421051,14.4,12.1,0.5999999999999996,1.799999999999999,1.5999999999999996,1.6999999999999993,0.5,0.0,61.30000000000291,183.9000000000088,367.8000000000175,613.0000000000291,1320.2000000000553
2025-04-04 09:00:00,14.1,4,9,94,14.2,12.7,12.6,12.7,14.4,13.183333333333335,12.936363636363636,13.06315789473684,14.3,12.1,-0.0999999999999996,1.4000000000000004,1.5,1.4000000000000004,-0.3000000000000007,0.0,61.30000000000291,183.9000000000088,367.8000000000175,674.300000000032,1320.3000000000611
2025-04-04 10:00:00,14.1,4,10,94,14.1,13.6,12.1,12.7,14.3,13.516666666666666,13.063636363636364,13.052631578947368,14.3,12.1,0.0,0.5,2.0,1.4000000000000004,-0.200000000000001,0.0,66.80000000000291,189.4000000000088,373.3000000000175,679.800000000032,1325.8000000000611
2025-04-04 11:00:00,14.1,4,11,94,14.1,14.2,12.4,12.7,14.3,13.799999999999995,13.19090909090909,13.042105263157891,14.3,12.1,0.0,-0.0999999999999996,1.6999999999999993,1.4000000000000004,-0.200000000000001,0.0,66.80000000000291,194.9000000000088,378.8000000000175,685.300000000032,1331.3000000000611
2025-04-04 17:00:00,12.9,4,17,94,12.8,13.8,14.1,12.4,13.2,13.583333333333334,13.691666666666665,13.121739130434785,14.2,12.1,0.0999999999999996,-0.9000000000000004,-1.1999999999999993,0.5,-0.2999999999999989,0.0,66.80000000000291,194.9000000000088,384.3000000000175,763.1000000000349,1314.8000000000611
2025-04-04 18:00:00,12.9,4,18,94,12.9,13.8,14.1,12.7,12.4,13.383333333333333,13.708333333333334,13.143478260869566,14.2,12.1,0.0,-0.9000000000000004,-1.1999999999999993,0.200000000000001,0.5,1.0,61.30000000000291,194.9000000000088,378.8000000000175,763.1000000000349,1376.100000000064
2025-04-04 19:00:00,12.7,4,19,94,12.9,12.8,14.1,13.6,12.2,13.15,13.633333333333336,13.165217391304346,14.2,12.1,-0.200000000000001,-0.1000000000000014,-1.4000000000000004,-0.9000000000000004,0.5,1.0,61.30000000000291,189.4000000000088,378.8000000000175,763.1000000000349,1376.100000000064
2025-04-04 20:00:00,12.0,4,20,94,12.7,12.9,13.8,14.2,12.5,12.85,13.45,13.143478260869562,14.2,12.0,-0.6999999999999993,-0.9000000000000004,-1.8000000000000007,-2.1999999999999997,-0.5,1.0,66.80000000000291,189.4000000000088,384.3000000000175,768.6000000000349,1381.600000000064
2025-04-04 23:00:00,11.5,4,23,94,12.7,12.0,12.9,14.1,12.7,12.36,13.02727272727273,13.109090909090908,14.2,11.5,-1.1999999999999993,-0.5,-1.4000000000000004,-2.6,-1.1999999999999993,1.0,66.80000000000291,128.10000000000582,317.5000000000145,701.800000000032,1387.100000000064
2025-04-05 01:00:00,60.655,4,1,95,60.658,12.7,12.7,14.1,12.6,31.5026,21.49209090909091,17.265782608695652,60.658,11.5,-0.0030000000000001,47.955,47.955,46.555,48.055,1.0,66.80000000000291,194.9000000000088,323.0000000000145,701.800000000032,1453.900000000067
2025-04-05 04:00:00,60.664,4,4,95,60.654,60.655,12.7,12.8,12.1,52.46483333333333,34.36263636363636,23.556043478260868,60.664,11.5,0.009999999999998,0.0090000000000003,47.964,47.864,48.564,1.0,61.30000000000291,122.60000000000582,317.5000000000145,635.0000000000291,1392.600000000064
2025-04-05 06:00:00,60.667,4,6,95,60.679,60.654,60.658,12.9,12.7,60.66283333333334,43.04863636363636,27.74065217391304,60.679,11.5,-0.0120000000000004,0.0129999999999981,0.0090000000000003,47.767,47.967,1.0,61.30000000000291,183.9000000000088,312.0000000000145,629.5000000000291,1392.600000000064
2025-04-05 07:00:00,60.572,4,7,95,60.667,60.664,60.655,12.7,13.6,60.649,47.400636363636366,29.782913043478263,60.679,11.5,-0.0949999999999988,-0.0919999999999987,-0.0829999999999984,47.872,46.972,1.0,61.30000000000291,183.9000000000088,306.5000000000145,629.5000000000291,1392.600000000064
2025-04-05 08:00:00,60.455,4,8,95,60.572,60.679,60.658,12.0,14.2,60.61516666666666,51.80563636363636,31.794000000000004,60.679,11.5,-0.1170000000000044,-0.2240000000000037,-0.2030000000000029,48.455,46.255,1.0,61.30000000000291,183.9000000000088,367.8000000000175,624.0000000000291,1392.600000000064
2025-04-05 10:00:00,60.286,4,10,95,60.374,60.572,60.664,12.7,14.1,60.505500000000005,56.48516666666668,35.814,60.679,11.5,-0.0880000000000009,-0.2860000000000013,-0.3780000000000001,47.586,46.186,1.0,61.30000000000291,183.9000000000088,367.8000000000175,685.300000000032,1387.100000000064
2025-04-05 13:00:00,60.273,4,13,95,60.273,60.286,60.572,60.655,14.1,60.3322,60.505,40.99854545454546,60.679,11.5,0.0,-0.0129999999999981,-0.2989999999999995,-0.3819999999999979,46.173,1.0,61.30000000000291,122.60000000000582,306.5000000000145,613.0000000000291,1314.8000000000611
2025-04-05 15:00:00,60.277,4,15,95,60.246,60.273,60.374,60.654,13.8,60.271,60.43327272727272,45.22231818181818,60.679,11.5,0.0309999999999988,0.0039999999999977,-0.0970000000000013,-0.3770000000000024,46.477,1.0,61.30000000000291,183.9000000000088,306.5000000000145,674.300000000032,1314.8000000000611
2025-04-05 16:00:00,60.316,4,16,95,60.277,60.273,60.286,60.664,12.8,60.277,60.40163636363637,47.38213636363637,60.679,11.5,0.0390000000000014,0.0429999999999992,0.0300000000000011,-0.347999999999999,47.516000000000005,1.0,61.30000000000291,183.9000000000088,306.5000000000145,674.300000000032,1309.3000000000611
2025-04-05 18:00:00,60.466,4,18,95,60.367,60.277,60.273,60.667,12.9,60.32416666666666,60.355,51.70181818181818,60.679,11.5,0.0990000000000037,0.189,0.1929999999999978,-0.2010000000000005,47.566,1.0,61.30000000000291,183.9000000000088,367.8000000000175,674.300000000032,1303.8000000000611
2025-04-05 19:00:00,60.547,4,19,95,60.466,60.316,60.273,60.572,12.7,60.36983333333333,60.35272727272727,53.87668181818182,60.679,11.5,0.0809999999999959,0.2309999999999945,0.2739999999999938,-0.0250000000000056,47.847,1.0,61.30000000000291,183.9000000000088,367.8000000000175,674.300000000032,1303.8000000000611
2025-04-05 20:00:00,60.587,4,20,95,60.547,60.367,60.246,60.455,12.0,60.42666666666667,60.36472727272728,56.085181818181816,60.679,11.5,0.0400000000000062,0.2200000000000059,0.3410000000000011,0.132000000000005,48.587,1.0,61.30000000000291,183.9000000000088,367.8000000000175,674.300000000032,1298.3000000000611
2025-04-05 22:00:00,60.624,4,22,95,60.609,60.547,60.316,60.286,12.7,60.53333333333334,60.41681818181817,58.36552173913043,60.679,11.5,0.0150000000000005,0.0770000000000052,0.3079999999999998,0.3380000000000009,47.92400000000001,1.0,61.30000000000291,183.9000000000088,367.8000000000175,674.300000000032,1359.600000000064
2025-04-06 00:00:00,61.031,4,0,96,60.634,60.609,60.466,60.273,60.658,60.672,60.49808333333334,60.51800000000001,61.031,60.246,0.3969999999999984,0.421999999999997,0.5649999999999977,0.7579999999999956,0.3729999999999975,1.0,61.30000000000291,183.9000000000088,367.8000000000175,735.6000000000349,1354.100000000064
2025-04-06 02:00:00,61.015,4,2,96,61.02,60.634,60.587,60.246,60.658,60.82216666666667,60.62441666666667,60.54939130434782,61.031,60.246,-0.0050000000000025,0.3810000000000002,0.4279999999999972,0.7689999999999984,0.3569999999999993,1.0,61.30000000000291,122.60000000000582,306.5000000000145,674.300000000032,1348.600000000064
2025-04-06 03:00:00,61.001,4,3,96,61.015,61.031,60.609,60.277,60.654,60.8875,60.68475,60.56447826086956,61.031,60.246,-0.0140000000000028,-0.0300000000000011,0.3919999999999959,0.7239999999999966,0.3469999999999942,1.0,61.30000000000291,122.60000000000582,306.5000000000145,674.300000000032,1348.600000000064
2025-04-06 04:00:00,61.0,4,4,96,61.001,61.02,60.624,60.316,60.664,60.95016666666666,60.74175,60.579086956521735,61.031,60.246,-0.0009999999999976,-0.0200000000000031,0.3759999999999976,0.6839999999999975,0.3359999999999985,1.0,61.30000000000291,183.9000000000088,306.5000000000145,674.300000000032,1348.600000000064
2025-04-06 05:00:00,60.987,4,5,96,61.0,61.015,60.634,60.367,60.679,61.00900000000001,60.79341666666667,60.59247826086956,61.031,60.246,-0.0129999999999981,-0.0279999999999986,0.3530000000000015,0.6200000000000045,0.3079999999999998,1.0,61.30000000000291,183.9000000000088,306.5000000000145,674.300000000032,1348.600000000064
2025-04-06 06:00:00,60.962,4,6,96,60.987,61.001,61.031,60.466,60.667,60.9975,60.83475000000001,60.605304347826085,61.031,60.246,-0.0249999999999985,-0.0389999999999943,-0.0689999999999955,0.4960000000000022,0.2950000000000017,1.0,61.30000000000291,183.9000000000088,306.5000000000145,674.300000000032,1348.600000000064
2025-04-06 07:00:00,60.952,4,7,96,60.962,61.0,61.02,60.547,60.572,60.98616666666666,60.8685,60.62182608695653,61.031,60.246,-0.0100000000000051,-0.0480000000000018,-0.0680000000000049,0.4050000000000011,0.3799999999999954,1.0,61.30000000000291,183.9000000000088,367.8000000000175,674.300000000032,1348.600000000064
2025-04-06 08:00:00,60.952,4,8,96,60.952,60.987,61.015,60.587,60.455,60.97566666666666,60.89891666666667,60.64343478260869,61.031,60.246,0.0,-0.0350000000000036,-0.0630000000000023,0.3649999999999949,0.4969999999999999,1.0,61.30000000000291,183.9000000000088,367.8000000000175,674.300000000032,1348.600000000064
2025-04-06 09:00:00,60.859,4,9,96,60.952,60.962,61.001,60.609,60.374,60.952,60.91974999999999,60.66452173913043,61.031,60.246,-0.0929999999999964,-0.1030000000000015,-0.1419999999999959,0.25,0.4849999999999994,1.0,61.30000000000291,183.9000000000088,367.8000000000175,674.300000000032,1348.600000000064
2025-04-06 10:00:00,60.814,4,10,96,60.859,60.952,61.0,60.624,60.286,60.921,60.93558333333334,60.68747826086957,61.031,60.246,-0.0450000000000017,-0.1379999999999981,-0.1859999999999999,0.1899999999999977,0.5279999999999987,1.0,61.30000000000291,183.9000000000088,367.8000000000175,674.300000000032,1348.600000000064
2025-04-06 12:00:00,60.774,4,12,96,60.83,60.859,60.962,61.031,60.273,60.8635,60.9305,60.71429166666667,61.031,60.246,-0.0559999999999973,-0.0850000000000008,-0.1880000000000024,-0.2569999999999979,0.5009999999999977,1.0,61.30000000000291,183.9000000000088,367.8000000000175,674.300000000032,1409.900000000067
2025-04-06 13:00:00,60.711,4,13,96,60.774,60.814,60.952,61.02,60.273,60.82333333333333,60.90475,60.73254166666667,61.031,60.246,-0.0630000000000023,-0.1030000000000015,-0.2409999999999996,-0.3090000000000046,0.4379999999999953,1.0,61.30000000000291,183.9000000000088,367.8000000000175,735.6000000000349,1409.900000000067
2025-04-06 14:00:00,60.682,4,14,96,60.711,60.83,60.952,61.015,60.246,60.778333333333336,60.877,60.750708333333336,61.031,60.277,-0.0289999999999963,-0.1479999999999961,-0.269999999999996,-0.3329999999999984,0.4359999999999999,1.0,61.30000000000291,183.9000000000088,367.8000000000175,735.6000000000349,1409.900000000067
2025-04-06 15:00:00,60.713,4,15,96,60.682,60.774,60.859,61.001,60.277,60.754,60.853,60.768875,61.031,60.316,0.0309999999999988,-0.0609999999999999,-0.1460000000000008,-0.2879999999999967,0.4359999999999999,1.0,61.30000000000291,183.9000000000088,367.8000000000175,735.6000000000349,1409.900000000067
2025-04-06 16:00:00,60.712,4,16,96,60.713,60.711,60.814,61.0,60.316,60.737,60.82900000000001,60.785375,61.031,60.367,-0.0009999999999976,0.0010000000000047,-0.1019999999999967,-0.2879999999999967,0.3960000000000008,1.0,61.30000000000291,183.9000000000088,367.8000000000175,735.6000000000349,1409.900000000067
2025-04-06 17:00:00,60.762,4,17,96,60.712,60.682,60.83,60.987,60.367,60.72566666666668,60.81025,60.80183333333333,61.031,60.466,0.0499999999999971,0.0799999999999983,-0.0679999999999978,-0.2250000000000014,0.3950000000000031,1.0,61.30000000000291,183.9000000000088,367.8000000000175,735.6000000000349,1409.900000000067
2025-04-06 18:00:00,60.804,4,18,96,60.762,60.713,60.774,60.962,60.466,60.73066666666667,60.797083333333326,60.81591666666667,61.031,60.547,0.0420000000000015,0.091000000000001,0.0300000000000011,-0.1580000000000012,0.3380000000000009,1.0,61.30000000000291,183.9000000000088,367.8000000000175,735.6000000000349,1409.900000000067
2025-04-06 19:00:00,60.833,4,19,96,60.804,60.712,60.711,60.952,60.547,60.751000000000005,60.78716666666666,60.82783333333333,61.031,60.587,0.0289999999999963,0.1209999999999951,0.1219999999999998,-0.1189999999999997,0.2860000000000013,1.0,61.30000000000291,183.9000000000088,367.8000000000175,735.6000000000349,1409.900000000067
2025-04-06 20:00:00,60.85,4,20,96,60.833,60.762,60.682,60.952,60.587,60.779,60.77866666666666,60.83879166666667,61.031,60.609,0.017000000000003,0.0880000000000009,0.1679999999999992,-0.1019999999999967,0.2629999999999981,1.0,61.30000000000291,183.9000000000088,367.8000000000175,735.6000000000349,1409.900000000067
2025-04-06 21:00:00,60.849,4,21,96,60.85,60.804,60.713,60.859,60.609,60.80166666666668,60.77783333333334,60.84879166666667,61.031,60.624,-0.0010000000000047,0.0449999999999946,0.1359999999999956,-0.0100000000000051,0.2399999999999948,1.0,61.30000000000291,183.9000000000088,367.8000000000175,735.6000000000349,1409.900000000067
2025-04-06 22:00:00,60.865,4,22,96,60.849,60.833,60.712,60.814,60.624,60.82716666666666,60.78208333333333,60.85883333333334,61.031,60.634,0.0160000000000053,0.0320000000000035,0.1529999999999987,0.0510000000000019,0.2409999999999996,1.0,61.30000000000291,183.9000000000088,367.8000000000175,735.6000000000349,1409.900000000067
2025-04-06 23:00:00,60.903,4,23,96,60.865,60.85,60.762,60.83,60.634,60.85066666666666,60.78816666666668,60.87004166666667,61.031,60.682,0.0379999999999967,0.0529999999999972,0.1409999999999982,0.0730000000000004,0.2689999999999983,1.0,61.30000000000291,183.9000000000088,367.8000000000175,735.6000000000349,1409.900000000067
2025-04-07 00:00:00,60.994,4,0,97,60.903,60.849,60.804,60.774,61.031,60.88233333333333,60.8065,60.86849999999999,61.02,60.682,0.091000000000001,0.1450000000000031,0.1899999999999977,0.2199999999999988,-0.036999999999999,1.0,61.30000000000291,183.9000000000088,367.8000000000175,735.6000000000349,1409.900000000067
2025-04-07 01:00:00,60.981,4,1,97,60.994,60.865,60.833,60.711,61.02,60.907,60.829,60.86687499999999,61.015,60.682,-0.0129999999999981,0.1159999999999996,0.1480000000000032,0.2700000000000031,-0.0390000000000014,1.0,61.30000000000291,183.9000000000088,367.8000000000175,735.6000000000349,1471.2000000000698
2025-04-07 02:00:00,60.972,4,2,97,60.981,60.903,60.85,60.682,61.015,60.92733333333334,60.853166666666674,60.86508333333333,61.001,60.682,-0.0090000000000003,0.0690000000000026,0.1219999999999998,0.2899999999999991,-0.0429999999999992,1.0,61.30000000000291,183.9000000000088,367.8000000000175,735.6000000000349,1471.2000000000698
2025-04-07 03:00:00,60.969,4,3,97,60.972,60.994,60.849,60.713,61.001,60.94733333333334,60.874500000000005,60.86375,61.0,60.682,-0.0030000000000001,-0.0249999999999985,0.1200000000000045,0.2560000000000002,-0.0319999999999964,1.0,61.30000000000291,183.9000000000088,367.8000000000175,735.6000000000349,1471.2000000000698
2025-04-07 04:00:00,60.96,4,4,97,60.969,60.981,60.865,60.712,61.0,60.963166666666666,60.89516666666666,60.86208333333334,60.994,60.682,-0.0090000000000003,-0.0210000000000007,0.0949999999999988,0.2479999999999975,-0.0399999999999991,1.0,61.30000000000291,183.9000000000088,367.8000000000175,735.6000000000349,1471.2000000000698
2025-04-07 05:00:00,60.948,4,5,97,60.96,60.972,60.903,60.762,60.987,60.970666666666666,60.91066666666666,60.86045833333333,60.994,60.682,-0.0120000000000004,-0.0240000000000009,0.0450000000000017,0.1859999999999999,-0.0390000000000014,1.0,61.30000000000291,183.9000000000088,367.8000000000175,735.6000000000349,1471.2000000000698
2025-04-07 06:00:00,60.954,4,6,97,60.948,60.969,60.994,60.804,60.962,60.964000000000006,60.92316666666667,60.860125,60.994,60.682,0.0060000000000002,-0.0150000000000005,-0.0399999999999991,0.1499999999999985,-0.0080000000000026,1.0,61.30000000000291,183.9000000000088,367.8000000000175,735.6000000000349,1471.2000000000698
2025-04-07 07:00:00,60.935,4,7,97,60.954,60.96,60.981,60.833,60.952,60.95633333333333,60.931666666666665,60.85941666666667,60.994,60.682,-0.0189999999999983,-0.0249999999999985,-0.0459999999999993,0.1020000000000038,-0.0169999999999959,1.0,61.30000000000291,183.9000000000088,367.8000000000175,735.6000000000349,1471.2000000000698
2025-04-07 08:00:00,60.904,4,8,97,60.935,60.948,60.972,60.85,60.952,60.945,60.93616666666667,60.857416666666666,60.994,60.682,-0.0309999999999988,-0.0439999999999969,-0.0679999999999978,0.054000000000002,-0.0479999999999947,1.0,61.30000000000291,183.9000000000088,367.8000000000175,735.6000000000349,1471.2000000000698
2025-04-07 09:00:00,60.839,4,9,97,60.904,60.954,60.969,60.849,60.859,60.92333333333334,60.93533333333334,60.85658333333333,60.994,60.682,-0.0650000000000048,-0.1150000000000019,-0.1300000000000025,-0.009999999999998,-0.0200000000000031,1.0,61.30000000000291,183.9000000000088,367.8000000000175,735.6000000000349,1471.2000000000698
2025-04-07 10:00:00,60.737,4,10,97,60.839,60.935,60.96,60.865,60.814,60.88616666666667,60.92466666666667,60.853375,60.994,60.682,-0.1019999999999967,-0.1980000000000004,-0.2229999999999989,-0.1280000000000001,-0.0769999999999981,1.0,61.30000000000291,183.9000000000088,367.8000000000175,735.6000000000349,1471.2000000000698
2025-04-07 11:00:00,60.795,4,11,97,60.737,60.904,60.948,60.903,60.83,60.86066666666667,60.91566666666666,60.85191666666668,60.994,60.682,0.0579999999999998,-0.1090000000000017,-0.1529999999999987,-0.1079999999999969,-0.0349999999999965,1.0,61.30000000000291,183.9000000000088,367.8000000000175,735.6000000000349,1471.2000000000698
2025-04-07 12:00:00,60.778,4,12,97,60.795,60.839,60.954,60.994,60.774,60.83133333333333,60.89766666666667,60.85208333333333,60.994,60.682,-0.017000000000003,-0.0609999999999999,-0.1760000000000019,-0.216000000000001,0.0039999999999977,1.0,61.30000000000291,183.9000000000088,367.8000000000175,735.6000000000349,1471.2000000000698
2025-04-07 13:00:00,60.874,4,13,97,60.778,60.737,60.935,60.981,60.711,60.82116666666667,60.88875000000001,60.858875000000005,60.994,60.682,0.0960000000000036,0.1370000000000004,-0.0609999999999999,-0.1069999999999993,0.1630000000000038,1.0,61.30000000000291,183.9000000000088,367.8000000000175,735.6000000000349,1471.2000000000698
2025-04-07 14:00:00,61.022,4,14,97,60.874,60.795,60.904,60.972,60.682,60.840833333333336,60.89291666666666,60.873041666666666,61.022,60.712,0.1479999999999961,0.2269999999999967,0.117999999999995,0.0499999999999971,0.3399999999999963,1.0,61.30000000000291,183.9000000000088,367.8000000000175,735.6000000000349,1471.2000000000698
2025-04-07 15:00:00,61.094,4,15,97,61.022,60.778,60.839,60.969,60.713,60.88333333333333,60.903333333333336,60.88891666666667,61.094,60.712,0.0720000000000027,0.3160000000000025,0.2550000000000025,0.125,0.3810000000000002,1.0,61.30000000000291,183.9000000000088,367.8000000000175,735.6000000000349,1471.2000000000698
2025-04-07 16:00:00,61.11,4,16,97,61.094,60.874,60.737,60.96,60.712,60.9455,60.91583333333333,60.9055,61.11,60.737,0.0159999999999982,0.2359999999999971,0.3729999999999975,0.1499999999999985,0.3979999999999961,1.0,61.30000000000291,183.9000000000088,367.8000000000175,735.6000000000349,1471.2000000000698
2025-04-07 17:00:00,61.195,4,17,97,61.11,61.022,60.795,60.948,60.762,61.01216666666667,60.936416666666666,60.923541666666665,61.195,60.737,0.0850000000000008,0.1730000000000018,0.3999999999999986,0.2469999999999999,0.4329999999999998,1.0,66.80000000000291,189.4000000000088,373.3000000000175,741.1000000000349,1476.7000000000698
2025-04-07 18:00:00,61.186,4,18,97,61.195,61.094,60.778,60.954,60.804,61.08016666666666,60.95575,60.93945833333333,61.195,60.737,-0.0090000000000003,0.0919999999999987,0.4080000000000012,0.2319999999999993,0.3819999999999979,1.0,61.30000000000291,189.4000000000088,373.3000000000175,741.1000000000349,1476.7000000000698
2025-04-07 19:00:00,61.152,4,19,97,61.186,61.11,60.874,60.935,60.833,61.12649999999999,60.97383333333334,60.95275,61.195,60.737,-0.0339999999999989,0.0420000000000015,0.2779999999999987,0.2169999999999987,0.3190000000000026,1.0,61.30000000000291,189.4000000000088,373.3000000000175,741.1000000000349,1476.7000000000698
2025-04-07 20:00:00,61.13,4,20,97,61.152,61.195,61.022,60.904,60.85,61.1445,60.99266666666667,60.964416666666665,61.195,60.737,-0.0219999999999984,-0.0649999999999977,0.108000000000004,0.2259999999999991,0.2800000000000011,1.0,61.30000000000291,183.9000000000088,373.3000000000175,741.1000000000349,1476.7000000000698
2025-04-07 21:00:00,61.139,4,21,97,61.13,61.186,61.094,60.839,60.849,61.152,61.01766666666666,60.97650000000001,61.195,60.737,0.0090000000000003,-0.046999999999997,0.0450000000000017,0.3000000000000042,0.2900000000000062,1.0,61.30000000000291,183.9000000000088,373.3000000000175,741.1000000000349,1476.7000000000698
2025-04-07 22:00:00,61.094,4,22,97,61.139,61.152,61.11,60.737,60.865,61.14933333333334,61.04741666666666,60.986041666666665,61.195,60.737,-0.0450000000000017,-0.0579999999999998,-0.0159999999999982,0.3569999999999993,0.2289999999999992,1.0,61.30000000000291,183.9000000000088,373.3000000000175,741.1000000000349,1476.7000000000698
2025-04-07 23:00:00,61.074,4,23,97,61.094,61.13,61.195,60.795,60.903,61.12916666666666,61.07066666666668,60.99316666666667,61.195,60.737,-0.0200000000000031,-0.0560000000000044,-0.1210000000000022,0.2789999999999963,0.1709999999999993,1.0,61.30000000000291,183.9000000000088,367.8000000000175,741.1000000000349,1476.7000000000698
2025-04-08 01:00:00,61.224,4,1,98,61.201,61.094,61.152,60.874,60.981,61.14366666666667,61.13508333333333,61.01191666666667,61.224,60.737,0.0229999999999961,0.1299999999999954,0.0719999999999956,0.3499999999999943,0.242999999999995,1.0,61.30000000000291,122.60000000000582,306.5000000000145,679.800000000032,1415.400000000067
2025-04-08 02:00:00,61.225,4,2,98,61.224,61.074,61.13,61.022,60.972,61.1595,61.15200000000001,61.02245833333334,61.225,60.737,0.0010000000000047,0.1510000000000033,0.0949999999999988,0.2030000000000029,0.2530000000000001,1.0,61.30000000000291,122.60000000000582,306.5000000000145,679.800000000032,1415.400000000067
2025-04-08 03:00:00,61.23,4,3,98,61.225,61.201,61.139,61.094,60.969,61.17466666666667,61.16333333333333,61.03333333333333,61.23,60.737,0.0049999999999954,0.0289999999999963,0.0909999999999939,0.1359999999999956,0.2609999999999957,1.0,61.30000000000291,183.9000000000088,306.5000000000145,679.800000000032,1415.400000000067
2025-04-08 04:00:00,61.251,4,4,98,61.23,61.224,61.094,61.11,60.96,61.20083333333334,61.17508333333333,61.045458333333336,61.251,60.737,0.0210000000000007,0.027000000000001,0.1569999999999964,0.1409999999999982,0.2909999999999968,1.0,61.30000000000291,183.9000000000088,306.5000000000145,679.800000000032,1415.400000000067
2025-04-08 05:00:00,61.251,4,5,98,61.251,61.225,61.074,61.195,60.948,61.23033333333333,61.179750000000006,61.058083333333336,61.251,60.737,0.0,0.0259999999999962,0.1769999999999996,0.0559999999999973,0.3029999999999972,1.0,61.30000000000291,183.9000000000088,306.5000000000145,674.300000000032,1415.400000000067
2025-04-08 06:00:00,61.256,4,6,98,61.251,61.23,61.201,61.186,60.954,61.23949999999999,61.18558333333333,61.07066666666666,61.256,60.737,0.0050000000000025,0.0260000000000033,0.0549999999999997,0.0700000000000002,0.3019999999999996,1.0,61.30000000000291,183.9000000000088,367.8000000000175,674.300000000032,1415.400000000067
2025-04-08 07:00:00,61.221,4,7,98,61.256,61.251,61.224,61.152,60.935,61.239,61.191333333333326,61.08258333333333,61.256,60.737,-0.0350000000000036,-0.0300000000000011,-0.0030000000000001,0.0689999999999955,0.2859999999999942,1.0,61.30000000000291,183.9000000000088,367.8000000000175,674.300000000032,1415.400000000067
2025-04-08 08:00:00,61.219,4,8,98,61.221,61.251,61.225,61.13,60.904,61.23799999999999,61.19875,61.09570833333333,61.256,60.737,-0.0019999999999953,-0.0319999999999964,-0.0060000000000002,0.0889999999999986,0.3149999999999977,1.0,61.30000000000291,183.9000000000088,367.8000000000175,674.300000000032,1415.400000000067
2025-04-08 09:00:00,61.064,4,9,98,61.219,61.256,61.23,61.139,60.839,61.21033333333333,61.1925,61.10508333333334,61.256,60.737,-0.1550000000000011,-0.1920000000000001,-0.1659999999999968,-0.0750000000000028,0.2250000000000014,1.0,61.30000000000291,183.9000000000088,367.8000000000175,674.300000000032,1415.400000000067
2025-04-08 10:00:00,61.07,4,10,98,61.064,61.221,61.251,61.094,60.737,61.18016666666666,61.19050000000001,61.11895833333333,61.256,60.778,0.0060000000000002,-0.1509999999999962,-0.1809999999999973,-0.0240000000000009,0.3329999999999984,1.0,61.30000000000291,183.9000000000088,367.8000000000175,674.300000000032,1415.400000000067
2026-05-22 07:00:00,60.959,5,7,142,60.956,60.955,60.948,60.951,60.966,60.95466666666667,60.95175,60.958041666666674,60.973,60.947,0.0030000000000001,0.0040000000000048,0.0110000000000027,0.0080000000000026,-0.0069999999999978,1.0,0.1999999999970896,0.1999999999970896,0.1999999999970896,0.1999999999970896,0.1999999999970896
2026-05-23 06:00:00,60.989,5,6,143,60.939,60.935,60.935,60.942,60.956,60.945,60.94233333333333,60.95125,60.989,60.935,0.0499999999999971,0.0539999999999949,0.0539999999999949,0.046999999999997,0.0329999999999941,1.0,0.1999999999970896,0.1999999999970896,0.1999999999970896,0.1999999999970896,0.3999999999941792
2026-05-23 13:00:00,61.224,5,13,143,61.256,61.317,61.142,60.936,60.961,61.27983333333333,61.12958333333333,61.037375,61.317,60.935,-0.0320000000000035,-0.0930000000000035,0.0819999999999936,0.2879999999999967,0.2629999999999981,1.0,0.1999999999970896,0.1999999999970896,0.1999999999970896,0.3999999999941792,0.3999999999941792
2026-05-23 23:00:00,61.069,5,23,143,61.083,61.095,61.14,61.287,60.938,61.088166666666666,61.141,61.10991666666667,61.317,60.935,-0.0139999999999957,-0.0259999999999962,-0.0709999999999979,-0.2179999999999964,0.1310000000000002,1.0,0.1999999999970896,0.1999999999970896,0.1999999999970896,0.3999999999941792,0.5999999999912689
2026-05-24 11:00:00,61.267,5,11,144,61.251,61.159,61.086,61.069,61.287,61.18333333333333,61.134166666666665,61.13758333333333,61.267,61.051,0.0160000000000053,0.108000000000004,0.1810000000000045,0.1980000000000004,-0.019999999999996,1.0,0.1999999999970896,0.1999999999970896,0.1999999999970896,0.1999999999970896,0.5999999999912689
2026-05-25 06:00:00,61.147,5,6,145,61.151,61.17,61.202,61.213,61.095,61.167,61.1875,61.20770833333333,61.275,61.118,-0.0040000000000048,-0.0230000000000032,-0.0549999999999997,-0.0660000000000025,0.0519999999999996,1.0,0.1999999999970896,0.1999999999970896,0.1999999999970896,0.1999999999970896,0.3999999999941792
